src_bytes,dst_bytes,same_srv_rate,diff_srv_rate,flag_SF,dst_host_srv_count,dst_host_same_srv_rate,logged_in,dst_host_serror_rate,dst_host_diff_srv_rate,dst_host_srv_serror_rate,serror_rate,srv_serror_rate,flag_S0,count,service_http,dst_host_srv_diff_host_rate,level,dst_host_count,dst_host_same_src_port_rate,service_private,srv_diff_host_rate,srv_count,dst_host_srv_rerror_rate,service_domain_u,target
17408832,1624407,0.300324221259394,0.0457903436023612,True,215,0.04330208452272294,0,0.13025244615789322,0.20363506181817637,0.4804404092070677,0.8571573441117248,0.4239279712738327,True,26,True,0.2300462854243011,17,0,0.23744091970108167,True,0.88009399070635,409,0.041289451758359096,False,1
-3101420,6688151,0.08329808905746577,0.22246959810842426,True,156,1.2487388683857172,0,0.02723689285188765,0.7858046200539889,0.0047926214598340185,0.5098363027721062,0.5712574647095598,True,267,True,0.3043266113219323,2,133,0.5298891365512932,True,0.6458225126063222,152,0.030349006739393725,False,1
4416282,3840782,0.24618535364833014,0.055439959903831285,True,45,1.3963009043812915,0,0.0046775883478965274,1.0059274666543,0.03520407807579955,0.9058317896309785,0.5707300301387312,True,321,False,0.2656127041263464,4,130,0.9090247092073103,True,-0.020535863472782384,51,0.2596975346470977,False,1
52978,34363,0.40196331782548267,0.041725413644405136,False,105,-0.13893610827382552,0,0.832317249388459,0.535786706040548,0.1267880959803453,0.702134493433461,0.00491449075780637,False,24,True,0.15169537263440006,20,235,0.12767792669693592,False,0.28245932713035005,533,1.0022513558280686,True,0
1013769582,6367,0.3861535136521471,0.056443438917937065,False,168,0.899606810747013,0,0.004362610298332709,0.988834984786409,0.5931943347061001,0.4886890155614615,0.778335060893451,True,507,True,0.13261295993669,6,8,0.5563632847856325,True,0.510084791521288,512,0.03849481319636294,False,1
4947073,4361,0.07262617541013391,0.2203026689873308,False,111,1.0036090952512629,0,0.007876048293498791,0.5384981373502097,0.04522861075937852,0.47316724315950526,0.5704246982362542,True,510,False,0.13778290430225348,0,230,0.6779882555100878,True,0.5110633563124527,23,0.0643621965621369,False,1
-4513875,13763,-0.008502667122838314,0.05896476901413446,False,254,0.6313624093353144,0,0.010947942991094044,0.05381842162428585,0.6372947407075711,0.9914531215082641,0.005343505186723178,False,501,True,0.03114086539261984,20,134,0.036237876316635914,False,0.011246392302141504,3,0.36429513929931423,True,0
-772048,-5371,0.10566099278885024,0.03909305442199429,False,89,0.7436374432797661,0,0.8426280775979997,0.050749520336638376,0.4280952385348705,0.865728690894006,0.7856094616532291,True,2,False,0.8711813787423225,0,0,0.10531395029241454,True,0.47604563387949744,55,1.0010825909749272,False,1
1264688,1480486,0.46144819236769413,-0.02299276081084467,True,252,-0.11570584764953495,0,0.7231744291955966,0.02172692984458955,0.694439423201692,0.5701883176461439,0.6204454245953455,False,278,False,0.033324263800504975,21,138,0.10566082791325213,True,0.01104239572842345,57,0.22073606466352025,True,0
55943,25516,0.39105900668510873,0.04421189789265364,True,39,0.5222836710530102,0,0.7928660203644424,0.14216131508506138,0.7144177898933766,0.4946825341263832,0.004754146625795334,False,0,False,0.16483189240859036,19,0,0.49370358126090647,False,0.007089740877839963,1,0.6752094745734787,True,0
-1415338,2758,0.29961090589045275,0.31484122799665987,False,132,0.24786784904189757,0,0.2684182189781273,0.20967411240639872,0.04858106244736357,0.47340005232376825,1.1448714081397,True,510,True,0.2490335594119774,2,88,0.03810064749249175,True,0.4405472216315153,26,0.009656142050637955,False,1
7425665,650024,0.03991853184671751,0.16457102283404723,True,140,-0.26587476837136037,0,0.21817718036112532,0.7226767966637317,0.0034795182374379036,0.4759728901075404,0.8369631961943467,True,505,False,0.2615688895440104,3,234,0.8348325337698876,True,0.770785465341825,93,0.35164336310834293,False,1
4764221,-6210,0.07892680912074754,-0.033109514304269894,True,-31,-0.2548398947503495,0,0.02609015388181185,0.80715011036291,0.48185415996993364,0.4890296781701057,0.41624699442377816,False,99,False,0.24633468869626096,2,231,0.8711564624283703,True,0.21015620504092997,436,0.0681290980855539,False,1
55120,25901,0.2411600480342737,0.981517109563663,True,49,0.8690259631455383,0,0.6773588040212103,0.5012285004320627,0.02421461055125959,0.8512731087321361,0.5697444590528641,False,4,True,0.08312881649333019,21,9,0.054589079932953755,False,0.009439903731038424,434,0.37443873888899404,True,0
66304,27207,0.4576789505541582,0.04011967378126742,True,88,-0.06662533249925373,0,0.7890499298620124,0.5349039114431925,0.7802175153421089,0.9895478865499655,0.004731580121906241,False,2,False,0.04826205210009902,16,69,0.00812899799753499,False,0.0066675101442470325,1,0.6882373835364894,True,0
-623750,6735483,0.3016974945153274,0.42997874834819455,True,67,1.37713017829988,0,1.058986731488526,0.5020349484903469,0.070231810240021,0.5132589775910634,0.772710732072015,True,75,False,0.17509201215225714,6,12,0.4830734183534688,True,-0.004460336398775633,459,0.024061642174958427,False,1
8348840,4559984,0.2245405963580976,0.1619238885440449,False,101,1.2847609150885337,0,0.8253361959741485,0.24007846116706094,0.5939795928963716,-3.22409543754802e-05,0.7207662840964437,True,16,False,-0.0001107213576307381,0,211,0.6948296778621526,True,0.4693724568541669,168,0.3962154441845447,False,1
1649567,587851045,0.4137468541086903,0.5285800760035817,False,213,-0.36883434518258007,0,1.049321729701234,-0.0004658472566086046,0.12167470320073433,0.9919334476246919,0.004732760067823428,False,29,True,0.056183154672732244,18,0,0.5091904540341154,False,0.019310565164944372,0,0.7645179555169545,True,0
13528939,29811,0.2370354099479189,0.24316759950341268,True,63,0.5452164121268308,0,0.813795041295543,0.5192045528092767,0.0062248087781277064,0.9925939332728666,0.40249765047210406,False,453,True,-1.8028188778122522e-06,20,19,0.054372479012833305,False,0.011293610622289178,1,0.9919042371099815,True,0
14392593,1161712596,0.31095928353965646,0.6442710364902408,True,131,-0.18509246970215298,0,0.13141382559067546,0.012380292042017824,0.3203095273441732,0.503995885832605,0.5720142064840146,True,223,True,0.04223837792555357,2,41,0.4974673499892337,True,0.5314376263909564,519,0.9482388328365905,False,1
53537,27327,0.23761632069170943,0.059954580497373386,False,154,1.1106950645691398,0,0.005126830530944238,0.009312412619617513,0.5557891998512482,0.1668226994066564,0.004616577112372738,False,499,True,0.04348540643735303,20,236,0.04369003407790441,False,0.011865421866127004,184,0.9064050567207637,True,0
4401854,4510,0.274138442272601,0.042743145147702846,True,148,-0.30885047944195854,0,0.01644884732327894,0.21210958932466487,0.004781061269883127,0.4763467476296658,0.8897592491377615,True,103,True,1.0688686901170978,15,44,0.8168629678982956,True,0.016903534767909123,59,0.40453057115113494,False,1
-108348005,3232113,0.3175235772520773,0.20504016235315908,False,259,0.5129796855430087,0,0.8179571062145586,0.012819086017217958,0.7831798336943264,0.9320531482459545,0.8444582086246013,False,9,True,0.03211860631723196,20,19,0.009014208110111372,False,0.020523853183830966,9,0.8511222785931992,True,0
7290657,1758430,0.39339469740271754,0.0026998624031477902,False,93,0.000346783622018787,0,0.7774779621954269,0.9910324386185586,0.07591819109710404,0.32188293942365653,0.47637238871444815,False,2,False,0.2178273554876317,18,234,0.9084840171795284,False,0.008660486703128823,8,0.12532959695477025,True,0
4974263,2043650,0.9947014385618267,0.05877386600147852,False,37,1.1579753453735953,0,0.16285260477930058,0.12523675423591255,0.4151067198728874,0.5650343171502186,0.723420558914897,True,509,True,0.44628576530426944,2,7,0.8461267135080454,True,0.4757252313616836,359,0.018360607301893088,False,1
7289147,39269,0.9336542004071554,0.04304301962777375,False,-5,0.11447548835981491,0,0.7241023577164284,-0.0007676404871788655,0.5486683801270558,0.8434660071731008,0.004669653050919352,False,0,True,0.039139104541308735,21,181,0.4796059922048139,False,0.0034666455632042514,0,0.43242482358812184,True,0
777546078,13632,0.4607272816542315,0.02565543322963261,True,-5,0.04829873447545957,0,0.8186435785306783,0.4872778626363789,0.34696875964211904,0.5704344321625614,0.004828619063156095,False,78,True,0.051117023631102265,15,0,0.6610176292322965,False,0.008214964598054032,303,0.737465198825121,True,0
7619220,34251,0.06747668530723007,0.041561759670121615,True,-5,1.0345318523342577,0,0.7985970376970523,0.47103811426084374,0.6355275115930987,0.8465394803964964,0.004999903270569148,False,13,True,0.03126348920498553,16,4,-2.613362733645403e-05,True,0.00827258872168869,65,0.0881934928512929,True,0
26054385,-4458,0.370817379191509,0.266701611245829,True,54,-0.3012948812862336,0,0.0049673821619754255,0.21233288505769954,0.004788568195135811,0.4837186053203524,0.7593895504383151,True,508,False,1.0404380410590395,1,202,0.8581267098515107,True,0.4477715955689343,27,0.06885091675820083,False,1
5120972,10435,0.09882189136912181,0.04865797620389871,True,210,0.015144413655793443,0,0.19078428455740243,0.35103483008772063,0.5690460052765057,0.5701525818082169,0.7767248469838399,True,87,False,0.18757770378098015,1,17,0.836112163663558,True,0.9108641868735551,510,0.01386842895735766,False,1
1658166,166553,0.9947470261905058,0.2082127516761853,False,250,0.014031588352820146,0,0.0048028571653147036,0.5660049263929836,0.06102391959512931,0.464658763310577,0.4219860404780917,False,49,False,0.05751274555722686,20,28,0.6982837318013112,False,0.01913889379529524,1,0.005272912814951486,True,0
5566757,2905,0.29647261651829215,0.1640847338838436,True,252,1.1303362303950863,0,0.8283479730414471,0.0977553669846298,0.556069954721801,0.4861826375645467,0.3839644099074919,True,510,True,0.24720840899261157,2,232,0.9015496793575991,True,0.0026655136353990593,517,0.07094977684147959,False,1
57382,3874032,0.9949650842382456,0.04479675531062555,True,262,0.9714013235743283,0,0.7825505011113058,0.012814429648014108,0.1631365593827131,0.8387771133898362,0.4197889065185296,False,288,True,0.032146157183819524,21,23,0.9901102287400925,False,0.008892245042169043,70,-0.0007769948141648856,False,0
144087036,3732440,0.09523919698403674,0.27665545548278064,True,-15,-0.10655971767393368,0,0.7161611935623804,0.534667513232835,0.10189379433464162,0.9911780403570964,0.00511415109924912,False,31,True,-0.0057441593777214014,18,6,0.8718457088788027,False,0.4681327129385756,45,0.26731342298928035,True,0
24137012,871088,0.2902943935161013,0.31720562722315243,True,-26,1.246019149571088,0,0.7478887195486836,-0.00047558331668595157,0.8093301601432464,0.4898215531496264,0.8250640192424399,True,168,True,0.25025434361539717,7,139,0.7311205071864717,True,0.002547485694458837,6,0.5116515650299518,True,1
23615560,1635040,0.2416445230103637,0.04218534286806379,True,249,0.31101531564578305,0,0.19975273704435675,0.24868262022671744,0.5453118272431082,0.4985624083657739,0.7737051064590833,True,45,True,1.2167950732211847,2,157,0.018869099672013275,True,0.6215423014039371,510,0.03785730295555226,False,1
4948756,760975,0.457128273939836,0.44613418874702,True,230,0.04869664430906806,0,0.937239987639398,0.08507867393509597,0.028915970640448374,0.8301934934942425,0.4188053530594676,True,212,True,0.16526852532132338,0,7,0.45455820194054375,False,0.6257177474922161,521,1.0026208759749307,False,1
10121979,6686936,0.0004811752498842248,0.05632055683864982,True,74,0.5685232652750891,0,0.0119579233656766,0.9605863608087026,0.11914887262165207,0.4760493104604937,1.0261701469431843,True,83,False,-0.04707847135815861,10,231,1.0038393494304587,True,0.002652625749601189,515,0.028078045815365604,False,1
6178354,13766,0.25123843995808487,0.06967212869121826,True,214,0.016779933176398032,0,0.16986885707019467,0.864559283309046,0.004470032197147034,0.472426154662948,0.78206822246942,True,3,False,0.15955101776349673,8,2,0.00945835159688611,True,0.9517760875900977,65,0.4800700597200316,False,1
13757800,22747,0.46064775811038716,0.039754799655853996,False,215,0.42855747507553044,0,0.934222995907446,0.03788947094484976,0.6503271419659234,0.9301407754830601,0.005212835929530701,False,43,True,0.07931843431749953,18,65,0.056281617851356935,False,0.010570967438788277,118,0.4213315642670222,True,0
5207880,1301718249,0.0677590903666444,0.042367023870505116,False,75,0.5377685956860518,0,0.8422713516161624,0.35561487841174544,0.006063113528819387,0.5046082945963212,1.1092631922773455,True,96,True,1.0040251815620391,2,214,0.4700733901358943,True,-0.007637564379042477,130,0.011434526569194121,False,1
14083644,4824626,0.2799409832916868,0.022848980356600556,False,58,0.8580709322310723,0,0.7365193601922015,1.0004261609572096,0.8723214995232709,0.5151584332543241,0.4174982843257634,True,506,False,1.0815851904961522,1,179,0.5074200206132442,True,0.924134018494617,53,0.02860384397007878,False,1
54300,38454,0.46134217649878273,0.0431251472807785,True,224,1.1346978656409696,0,0.6751268955407449,0.03149846939292107,0.5880820824900455,0.8465668054387896,0.004904543358125029,False,42,False,0.02999655740580685,21,226,0.008991983435053396,False,0.008314281349441616,121,0.9911005469379387,True,0
58557,20030,0.9268737350540049,0.16370045202934386,True,85,0.40707798725538036,0,0.826353124675486,0.012551850302833645,0.6614816069778855,0.23942562344270973,0.35594673428376317,False,18,True,0.029783067054280275,20,83,-0.0002942119435321111,False,0.007854502674742168,0,-0.000590115358614492,True,0
5392632,4348824,0.46071493787743667,0.37113019874649616,True,46,0.49062694981323945,0,0.8540259866374849,0.027747920942269882,0.004811521798859406,0.8506457647571892,0.6494755819891711,False,14,False,0.03162439451490401,21,248,0.046333692333990754,False,0.009741575974307663,452,0.8408855592937569,True,0
1288141955,8079,0.06540705239363442,0.1738005687906088,True,159,0.29844351285806964,0,0.1920050650817401,0.9820787851824707,0.5988871900583592,0.48296123997611984,0.7128082762259728,True,506,True,0.263311438560998,5,254,1.0023827837042418,True,0.5836283107522905,88,0.30906809533554713,False,1
66808,1410226359,0.2293897718484606,0.9805784313807747,False,101,-0.14628219808518061,0,0.706622797968886,0.03241424238822656,0.8400923151813156,0.3263386175310741,0.32794310053798303,False,298,False,0.05736870529252818,20,13,0.10774270865289211,False,0.007468394263707854,474,0.9913136123828177,True,0
56422,36279,0.9332576223649345,0.02979577554530978,False,223,0.714206104620632,0,0.8067735386283202,0.04664131158415476,0.004104196012785557,0.9902520997896939,0.004708699465286106,False,8,True,0.5072821934169641,20,254,0.5152563640688442,False,0.008076264869621392,0,0.6761713922841379,True,0
4114709,-10537,0.2537074515456111,0.027222758694524965,False,129,0.9782333088436063,0,0.7986666785343852,0.11662858497460965,0.245172708921503,0.831599064030392,0.004678105474205675,False,2,True,0.08336104094742315,20,253,0.022835986542448748,False,0.008635038799138416,55,0.26541251526182846,True,0
5561483,15235,0.19250062508850563,0.03806401278055177,True,100,0.587705759165265,0,0.6516392828733673,-0.00023267093771269168,0.008033936541628105,0.5671333580266957,1.0665796396150882,False,23,False,0.07644903939652675,14,143,0.02677142086899418,False,0.009680269054278812,0,0.7927918948215689,True,0
-1751098,27404,0.43026756849629333,0.26357392120105977,True,226,0.3120182572728676,0,0.005828390377181564,0.020047730141742263,0.027790323449773616,0.9501462751935302,0.004625497159851793,False,276,True,0.522994852840594,20,134,0.1812247062704258,False,0.009155723324016393,5,0.6659186756263498,True,0
121420782,1102816216,0.09953813919405208,0.053555880302806495,True,208,-0.03338972027919995,0,0.027964012806867018,0.12962677194639655,0.5841579815913923,0.5012980973103246,0.9789400347720308,True,166,True,1.0002927345107677,1,209,-0.0007926812079095677,True,0.6789306215158311,63,0.911605583056715,False,1
3967157,18587,0.932642522160032,-0.07544429569366806,True,216,0.0003069995706962425,0,0.005572232715186668,0.021225584507605172,0.581000284046076,0.5932368260117095,0.5973208463251114,False,44,False,0.04812810942198681,19,130,0.13976831635215048,False,0.019692348960194478,192,0.9122026482304864,True,0
60434,35210,0.4217967560988239,0.11984195173506203,False,56,0.4544435245989007,0,0.7736683022793547,0.01321402135106205,-0.08005229882058862,0.8719344328021075,0.005038152056218181,False,394,True,0.27413936712047837,20,227,0.7502232919555748,False,0.008618411898905186,0,0.9920161512014436,True,0
17069246,428714517,0.07392975158735333,0.02601392118888967,True,160,0.07013263287571486,0,0.18336125969012496,1.0038588177100027,0.034625311615800236,0.48422168586561876,0.38310061951941055,True,451,False,0.5198573425575604,0,132,0.34509972352283447,True,0.46798338580418214,360,0.02278995144896016,False,1
4999100,12985,0.06245888275390232,0.319282411570786,False,93,0.5598538717538203,0,0.7491455777984467,0.28447838235786493,0.02887034371119422,0.9134981933058434,0.6949792120555387,True,507,False,0.6559832406316211,2,237,0.8727963257560624,True,0.470671206934846,453,0.1487933185850726,False,1
-1162858,565389605,0.25922260720490653,0.1622031624929129,True,231,-0.3523463693916379,0,0.16554475157382276,1.002027900615154,0.094289117084188,0.5033856228581617,1.0096278143808213,False,510,False,0.15800376595642673,2,254,0.11920070986554895,False,0.9018768812743688,77,0.023108073252776248,False,1
620538099,3282,0.05892882914430526,0.03963485869698583,False,106,0.12946452686124704,0,0.017211314092439613,1.000137441755348,0.9023010910670957,0.5174572814214851,0.3803111417408671,True,77,True,0.15799955798460535,2,236,0.7309608886272551,True,-0.009406669591688788,49,0.431930792328187,False,1
20549901,3712,0.26091891231864733,0.2512182092389342,False,166,-0.01089496738457918,0,0.014397792801732888,0.9913300027730769,0.5491233609699924,0.4757155311736816,0.7830425489951138,False,317,True,-0.028556151705861593,6,5,0.7833907357862543,False,0.4023063998650893,15,0.20802531769199017,False,1
53235,32936,0.42166050462031096,0.049695068896982234,True,261,-0.2822751198724628,0,0.7424771924421303,0.07322250752819554,-0.13239688646272946,0.5033067417786473,0.004662516440974955,False,210,True,0.46615927033927895,14,159,0.4284887513529312,False,0.25346043894550424,0,-0.00021719594239800119,True,0
1401388,34027,0.9303114692555203,0.042977819789284,False,229,1.0407539907655516,0,0.30572228029663695,0.009163736620465032,0.007104525282629657,-0.0009693627519486228,0.00493687667813604,True,17,True,0.2441054392529487,18,214,0.0483180022311224,False,0.009407501430248912,189,0.963456231841841,False,0
10173464,21895,0.31450727934216693,0.04337240308880254,True,142,1.045384789246043,0,0.8337706398793088,0.4789865537022092,0.4297378105061617,0.5032094280579487,0.35231738712495914,False,501,False,0.05967979604106923,19,12,0.25212184618973943,False,0.01053686037072769,66,0.021074520252592183,True,0
53799,16112,0.9950895054939081,0.3003014574912752,True,44,-0.1366294719591813,0,0.8639227591723521,0.9830402853450653,0.024241579804314697,0.8453243299706936,0.8383667793036707,False,171,False,0.049367849286336196,20,79,0.06535315591087677,True,0.9870604881593689,0,0.7624882016066277,True,0
23423032,14365,0.2313851021591044,0.0511857015909076,True,-6,1.271237882966659,0,0.6514172723054905,0.03636223519035907,0.5208975905265593,-0.0014508145826196443,0.41131825350374845,False,58,True,0.018073438272490396,20,142,0.03743583881916316,False,0.010856637561125213,6,0.3512280868534854,True,0
248603055,43029,0.29676248141939887,0.3143608429421028,True,162,0.07400702723557445,0,0.8324289503695488,0.3525790878814813,0.5174026002707349,0.8816958611334326,0.412351015687196,True,510,False,0.07868765600859784,7,3,-0.0012242100627846764,True,0.889278090428767,22,0.2142539758237748,False,1
3718522,396310209,0.3524931406033336,0.05337112866747134,True,15,0.8042452703750419,0,0.16276350941495932,-0.00019632565008476585,0.1601461993835317,0.4739158426212964,0.7586227690223171,True,105,False,0.16426490735899837,2,12,1.0040391995334477,True,0.506952764749621,507,0.9438986308476777,False,1
4629302,12113,0.9356278845636281,0.069876015347837,False,252,0.42036280128491776,0,1.106847824836516,0.25226827970003773,0.8545198931026903,0.49581234773727134,0.846116605583474,False,122,False,0.21627454526339226,8,5,1.0039486729532796,False,0.2620917805021102,51,0.027833637248901047,False,1
4486696,4053,-0.02267113217369876,0.04354260033312705,False,77,-0.17883753359870114,0,0.811967378962065,0.13166169707811382,0.03289348904837737,0.9901248458975038,0.7364443718690292,True,508,True,0.24577037201135363,3,81,0.043305014071662595,True,0.5307083287779067,418,0.7871623360278526,False,1
4701107,6435437,0.3169036473542422,0.16279194255079998,False,134,1.2037822932560052,0,0.8602513205642606,0.06871360174897527,0.005595906028059921,0.543184160926753,0.9089000085961833,True,0,False,0.25103928585851076,7,22,0.46985219326555006,True,0.6114366580497292,503,-0.00020705493433861462,False,1
4696667,1489616,0.25243882399656475,0.10874036594639634,False,-3,1.2638564899986098,0,0.027665415735049863,1.0064640690997062,-0.10904775107630243,-0.00026786243120030886,0.40619795340392345,True,55,False,0.4958290956257141,3,241,-0.00027448540911207477,True,0.23556303465328535,34,0.011890706077209007,False,1
54899,15207,0.023082790699110234,0.04266552824296371,True,230,1.1202467081989598,0,0.658390776374671,0.008947910674394002,0.6951731138540219,0.28254510586025283,0.8229685385027028,False,0,False,0.0283921632641609,20,38,0.5055713262440761,False,0.006989168862596565,1,0.12790937895949758,True,0
4486026,11349,0.06892776996990266,0.981097754138491,True,56,-0.1716084377008429,0,0.31537069793225647,1.0063665961644346,0.5426896865137455,0.4889705221106604,0.4153238502462772,True,362,False,0.36831509851087924,2,249,0.19327522064323366,False,0.5008489414051288,128,0.13961846878220255,False,1
3614000,1176972754,0.08146264070058944,0.059101517557855296,False,53,0.5972702954773422,0,0.02566717638471163,0.2624368507568816,0.06917632155429823,0.4847805366852863,0.7644477717802927,True,86,False,0.12305785502488886,16,95,0.5021071414845094,True,0.6369106906219557,90,0.041161067333754256,False,1
1757317,21350,0.9950003259635543,0.04512984978148683,True,215,0.2204973769418644,0,-0.011624789231217098,0.4441506617925982,0.5517679432072659,0.7244354798048832,0.568373874834686,False,47,False,0.051859072281147306,21,127,0.9803579815549401,False,0.010685136807293901,470,0.9712231603548681,True,0
54109,769883,0.9351719177807926,0.46860391604789525,True,224,1.418923450769141,0,0.814965828062056,0.7903372747682607,0.5626822715176407,0.49156255544655786,0.8029827261180998,False,0,True,0.08421705236022761,20,228,0.1185304015076037,False,0.01067441854646663,1,0.9916731309536797,True,0
53835,1270290691,0.41757151928353103,0.2838823256226606,True,255,0.9334370167951196,0,0.017660355884207703,0.542638494631579,0.007555521597724032,0.46983672656981346,0.004874447716680727,False,10,False,0.019661738418563925,20,136,0.8963178121257541,False,0.24614267075417384,1,0.3953649815651806,True,0
4887176,477750628,0.4591264612119273,0.03921193092298711,False,250,-0.21024736692286283,0,0.27226171344672784,0.9832160289688732,0.004926238687727556,0.5503739503683339,0.7280679593808626,True,507,True,0.24867531370188514,17,111,0.6996777141855097,True,0.25851182067597545,24,0.9370458741689629,False,1
1589586,217461,0.3663735136099537,0.27808449811345287,True,215,0.17976545748290534,0,0.0077425650323868014,0.045071533213732064,0.6080708332985034,0.569141075249869,0.5726752298951582,False,0,False,0.0613482816437037,19,63,0.9898390970574261,False,0.02149876696471972,215,0.6710674836302081,True,0
1805551,5187146,0.46094136121351587,0.022887019403525513,True,92,1.2143410255855103,0,0.9102398093447325,0.984666853090991,0.6327802905541736,-0.0008650751756649246,0.5702034627121665,False,23,True,0.8946658473698761,20,243,0.01093649048803562,False,0.00926285431563954,1,0.26536693982273757,True,0
-193136275,41218,0.9300597615736067,0.2163503426776257,True,-18,1.0255006916642824,0,0.2654852150350469,0.3950434085314104,0.10554236518973843,0.8070979098278255,0.004821410359724842,False,1,True,0.03879983207189119,20,233,0.4894095754333339,False,0.009872302327817512,1,0.2577174336790685,True,0
7882228,438084,0.34776272688251986,0.0810757689031343,False,69,-0.2993776190385007,0,0.7981302423238998,0.3985879913266924,0.03126843522700819,0.8495788831858659,0.004624596990530555,False,5,True,0.9379539507858408,19,5,0.13344291705022093,False,0.011525627777965085,0,0.8095881936662193,True,0
53284,1616671,0.9356392347870232,0.0562616558322086,True,57,0.1941547995957803,0,0.7015882536324981,0.009152566961694501,0.7367431324558776,0.9913945070051711,0.004944815536291251,False,39,True,-0.00015809445492745092,19,74,0.019366323078897626,False,0.02410369539599326,12,0.4207398869302593,True,0
4395226,1168207230,0.06229864593544934,0.19477208562482645,False,36,-0.12662804868708188,0,0.18228867139516652,1.0037905521264747,0.4079338086029821,0.4793021976813645,0.7741484521800307,True,501,False,0.9002344809378717,6,128,0.9240869990490491,True,0.36068478778465607,19,0.02025482495378687,False,1
55959,3036164,0.3533873814186498,0.9791728968402433,True,292,0.9374903672003301,0,0.24845380256172478,0.5775390151180374,0.5447019111757402,0.9914080823756712,0.6109674969554407,False,3,False,0.1262636563188266,20,25,0.04904587702531435,False,0.006427352687764077,497,0.7124871116590751,True,0
4822717,5355,0.056987242712183445,0.040221929765145555,False,167,0.5118132082816405,0,0.216812883534457,0.9882959640346283,0.004941494914951641,0.4961451264898614,0.39228097899910613,True,508,True,0.1232512182147539,2,13,0.8939341198368521,True,0.5119661145276482,30,0.9153463866067953,False,1
1663721,3327150,0.9948212666562425,0.9778936850345845,False,37,0.7558624741613116,0,0.008521107909528924,0.05557121024382342,0.004699840223531425,0.8287952930337533,0.3505151399142556,False,307,True,0.1165795861181361,5,43,0.18289375086868734,False,0.006670187620479548,1,0.329852807524281,True,0
53727,25645,0.29696550674634886,0.043354349733117165,True,32,-0.11538366024244007,0,0.025195097148710727,0.5673195464029255,0.03059059891005404,0.5660148957860508,0.004922375138479332,False,5,False,0.21570077990304815,19,66,0.03383202483451025,True,0.024988756005414656,0,0.7811877607130109,False,0
73024543,543907826,0.04171831834313637,0.0792141856163848,False,102,-0.17481308614124702,0,0.8175834336427319,0.13143382395939318,0.12398055206688902,0.4832578181552629,0.2990385119837971,True,438,True,1.031842569773783,3,36,0.47146252921162035,True,0.4677212510647097,44,0.9239629793149928,False,1
286263402,1411678230,0.32166321923708363,0.22622367800592316,False,252,-0.00922303039014738,0,0.8128171971385302,1.0055725511315226,0.006130700681539568,0.9521302546455845,0.4115919559036105,True,307,False,1.0626827473250628,12,253,0.018644232631302635,True,-0.00957430638459883,55,0.9119606566304721,False,1
5040642,1140192914,0.46146765397040934,0.07187996694433314,False,215,0.49915458505366816,0,0.027512427882974748,-0.00025313291473043424,0.3921327854356337,0.8967864739043215,0.8325756442109336,True,69,False,0.26300348391170075,2,254,0.9444038723083751,True,0.46778382329401386,18,0.02732297456713166,False,1
6000727,26137,0.3118280775355554,0.04386854830913413,True,231,0.24494620768274172,0,0.22481058354599953,0.647515479731339,0.1068170943069619,0.5766519205656339,0.004618049698926733,False,149,True,0.24734191215077156,21,226,0.4472921947566275,True,0.009304572634645163,452,0.059045010735537376,True,0
702885452,8709,0.06658737166543231,0.024631639995753903,False,145,-0.04341224133661736,0,0.15084734118131715,0.4985851606480492,0.0047261390071736175,0.48919431503704136,0.7269291053782796,True,102,False,0.2665782706643502,13,139,0.9216114794675438,True,0.5068967164935281,77,0.020706597066950515,False,1
3786170,30872,0.9950813675008138,0.2083005473581312,False,44,-0.22089331785305832,0,0.8374575830846225,0.5277702980370096,0.12781692136408956,0.2060177717837694,0.4174178523214562,True,6,True,0.019609767701277873,17,39,0.5187677436873045,False,0.010836494977284363,11,0.7943526916981306,True,0
4484377,12250,0.08364765662460572,0.1449724660408623,False,223,0.9867469901301489,0,0.14398046905380596,0.020540373580762997,0.07527056697812294,0.16587360171388393,0.7248592685555371,True,127,False,1.0644443529039143,2,115,0.20819527941952076,True,0.4308526538152774,50,0.035447821943383015,False,1
499540771,3160,0.29751825756235994,0.25686387643758146,False,45,-0.20079741942670581,0,0.005102066920455265,1.0020027456081346,0.005078005705397907,0.4887147773996442,0.7108057080680972,True,67,False,0.25138992446398695,6,33,0.9633695552615968,True,0.4692179166270989,463,0.9307680687235674,False,1
1644238,19714,0.3018826822652598,0.24632956773676384,True,92,0.607894061862735,0,0.815791852234535,0.411103492606202,0.5556613337102628,0.4674384735663427,0.5304120674877075,False,138,True,0.8519035985516565,21,229,0.9914816927071639,False,0.011352810114482397,17,0.991978327507244,True,0
165353446,19724,0.933716352440642,0.04712682664183357,True,252,1.384574189462442,0,0.7936387084642031,0.03722878055456808,0.008927107156211533,0.8359261356113196,0.3462661299897751,False,6,False,0.03887801672848688,21,116,0.06520297258836322,True,0.007560671691897825,458,0.30383503233469233,True,0
58272,16894,0.35197563065946874,0.08086120788420155,False,229,0.6219025053616963,0,0.005161049735502837,0.055493846757835634,0.801864236392351,0.849956539845103,0.8300428792893726,False,39,True,0.019948842380076277,21,255,-0.0003734243374974961,False,0.022491287302110217,416,0.19190717246389472,True,0
57586,1068969765,0.23327157180580887,0.32028518166316244,False,264,1.2346282625971476,0,0.8409927406570129,0.1623251255017869,0.036573325055203706,0.8343569102340486,0.40952461342541235,True,357,False,0.26484420424891675,3,0,0.21893731354884918,True,0.48121333490127777,95,0.005475269199133605,False,1
730036656,2927101,0.9948869103678227,0.981382166244133,False,252,-0.07493894767191278,0,0.8337773687186609,0.03716320696424748,0.3110982237226423,0.4064497196826365,0.6912572428283914,False,2,True,0.0754750007107532,20,0,0.523741780301865,False,0.007774296159871359,54,0.9906486222460182,True,0
7156515,645311761,0.4503257983140585,0.08464456345800273,False,149,-0.04233677246244916,0,0.007643121836728037,0.4656938878824088,0.06887206624147281,0.4972993192723518,0.7278181893327049,True,227,False,0.25996310497881225,17,255,0.4627867155462543,True,0.4723681318319432,39,0.07197223343605008,False,1
449930408,3969585,0.09194514937467185,0.6060594174031311,False,217,0.5272444796452086,0,0.2556478570872291,1.0046465963532751,0.03183407462521992,0.4874759377714045,1.0346381032235954,True,51,False,0.2076022368491991,2,9,0.02420616380615693,True,1.068953376724061,157,0.024383871065528435,False,1
2003724,2095562,0.37231731072487484,0.4676227647458739,True,74,0.5857385795308794,0,0.005293562334130973,0.14401093597875064,0.6265598765458682,0.8510514989963583,0.5776902316423917,False,0,False,0.48703079235222346,20,134,0.9913621825658735,True,0.008384502102724923,63,0.7313313632733649,True,0
10838222,39653,0.41860992287194676,0.9797544983398486,False,252,0.05536501038496272,0,0.006425566370882846,0.0391052848139568,0.3698239929158733,0.9962027350753048,0.0055112599707573045,False,2,True,0.038841405176361254,20,254,0.857028866059948,False,0.008594551118242458,478,0.25733373894556955,True,0
60010,206626,0.45896052922614994,0.040930727935149666,True,76,1.112132458102056,0,0.7539767155083545,0.8883829514636287,0.12217269448194507,0.6032979705400376,0.005244462508880293,False,56,False,0.04890061440310616,19,215,0.010826273344435615,False,0.00875891443961796,173,0.9562348619680657,True,0
1066802876,6733344,0.05961012540123145,-0.01832277787660752,True,-1,1.1478039207071244,0,0.03478667559205941,0.9850597349129933,0.5777510625306254,0.8450428037441072,0.7125697114500333,True,506,False,-0.0001618141915668835,0,250,0.6278352486226225,True,0.528933607583338,25,0.017391758712112293,False,1
10905800,597944747,0.4622389625677631,0.9790446092225327,True,-24,0.4338078437264642,0,0.019649073363472103,0.06254158854281018,0.49365877259574054,0.9857673784007234,0.006655153688510473,False,177,True,0.04918540247113972,19,253,0.5015397522887904,False,0.018912716175805405,1,0.9655209089844726,True,0
1747257,38996,0.059211113643365475,0.2830237049907393,False,158,0.30058856180824667,0,0.016278947616671865,0.267732369885766,0.13654686416624623,0.6552435317625684,0.7820082594407118,False,290,True,0.0953981437206988,18,48,0.0272577984470703,False,0.010636129156385784,0,0.012671024053781364,True,0
587902214,3223634,0.10362014342932604,0.06904482881465061,True,40,-0.03440763750589937,0,0.8377030112043276,0.22652668168319529,0.07034544063916741,0.938723550124298,0.7113065993727551,True,512,False,0.209138298368884,1,115,0.8434592036811421,True,0.2137659092303094,478,0.029478578811509996,False,1
42125,39740,0.4139977296488627,0.485876708731155,True,224,0.4311367884504729,0,0.881153335942483,0.38303261707916336,0.4267327413536191,0.629463639602595,0.8380751264575133,False,0,True,0.24281700881625787,14,40,0.5051593265448456,False,0.011078303399480169,0,0.3635237341235467,True,0
4518196,1247374150,0.9940697175652725,0.07785363789809398,True,145,0.45751855863556534,0,0.8095300029145267,0.08076491119286451,0.24687569770266166,0.4824660455030214,0.8216853623730505,True,205,False,0.24690887322633062,1,231,0.8262527960069778,True,0.0072029763965832105,196,1.0033744944116063,False,1
20630775,41478,0.2436522758975132,0.039169152901570845,True,89,0.5029893910754053,0,0.004789146371228013,0.1395880143487778,0.15935023686372793,0.8408692288967905,0.8403043550035878,False,6,True,0.019305642720338467,21,88,0.12693242179495018,False,0.010601781482078666,0,0.009834059752914105,True,0
4974693,2175,0.3168995958732171,0.9798880002776169,False,140,-0.22068425722234553,0,0.7725138983850275,0.08481237567498706,0.004902708782200132,0.4773760375513135,0.8109679134609695,True,104,True,-0.00012770665074362636,2,203,0.9823606725448859,False,0.22077751704670412,30,0.912125903652347,False,1
1576414,27013,0.23858416786370673,-0.040814406269029324,True,215,1.2025305209301504,0,0.848270583783783,0.2529476011893743,0.12053514782078546,0.8427207925953647,0.0048475292762034305,False,32,True,0.08274265431615473,18,242,1.0107075812680941,False,0.01187737838114172,0,0.8097950316817559,True,0
159716209,2353110,0.41007240311158155,0.04524336669478487,False,64,1.3507572531824175,0,1.0651385883544844,1.0065153274677126,0.05837474416945489,1.0066482427361885,0.8226008740701576,True,193,False,0.05885789067085286,1,69,0.7344608104227947,True,0.4852946971660135,513,0.028997780277109263,False,1
1151225299,16433,0.45479727637671935,-0.009057746661476407,True,133,0.4691087228995076,0,0.8427718502178669,0.5106443043385569,0.46445282390765336,0.8430004041134442,0.8252257541073079,False,0,True,0.04111352684099862,20,45,0.08558354570791829,False,0.009307362479408398,2,0.9716042115543637,True,0
5752899,367590262,0.39782981252305083,0.027384646032107773,True,228,0.7714166263254224,0,0.004808241860590968,0.8635533059813972,0.11991913333046142,0.9486306263377275,0.4826605671777088,False,21,False,0.03902148210692372,20,232,0.3579171661341017,False,0.011532277709346476,437,0.6707501880876253,True,0
5193442,4913,0.045073850794549106,0.05293967659931904,False,44,1.2422386673037495,0,0.015113486820004926,0.08220264284762303,0.0048412748362529415,0.8477097084830444,0.8324800649524794,True,508,True,0.454941450420204,11,246,0.11514721082306226,True,0.002527606290039086,25,0.9199592900309359,False,1
55879,3029957,0.9343114273570844,0.05124323267411433,True,252,0.05328767794783934,0,0.6995878802346279,0.32357217265704796,0.8400933627463453,0.8217578634253255,0.005245710906673287,False,144,True,0.04107133624465235,18,250,0.49828014978500274,False,0.00977374618147283,1,0.9904148545084525,False,0
4864056,565423213,0.9255358453453808,0.052407440218333455,True,39,0.2535250742476302,0,0.03409031051796758,0.38231320236456595,0.0053908169800593875,0.47584086119044655,0.718500773590229,True,88,False,0.2501199474933314,6,255,0.20118575373617534,True,0.002734874016313351,10,0.05049520307704414,False,1
7266776,1692720,0.4598920341229372,0.03354391970772669,False,-16,-0.12587713953541801,0,0.3375699625477009,0.8971895753766326,0.02080783147174118,0.8476839397828122,0.8144940793199679,False,282,False,0.039846546310999736,20,1,0.991295982176082,False,0.009698397370656558,4,0.9895729794181412,True,0
3842628,1412221,0.932806453661894,0.0405929260113553,False,253,0.0806545490949706,0,0.6901774316389931,-0.0003787514904116321,0.38974772912356026,0.8504255803702554,0.7477641963630957,True,1,True,0.018878359466192717,20,107,0.5141770567108079,False,0.008420900141811793,3,0.7722277282287432,True,0
591965391,-8151,0.08921267067831919,0.1608417720845668,True,77,0.614176450547382,0,0.007004668951187939,0.10017914237025773,0.07845680896292756,-0.0008547007168798601,0.7839929220548982,True,64,True,0.10456931871712861,8,230,0.8645721568618516,True,0.20357609677432492,503,0.7084240323904926,False,1
4725293,7151,0.08219163644832703,0.06901815570380584,False,231,0.05032354330953437,0,0.9670363715818269,1.0041929117714479,0.005502198640634254,0.5767743343595767,0.8396353343179678,True,263,False,0.5363363293100518,16,232,0.9834259471508335,True,0.6337411968263312,5,0.29606666999255615,False,1
-4942789,2244642,0.9262713290499266,0.24708155036998378,True,39,0.02352665054136993,0,0.01985798123794369,0.9819160504210136,0.03617085446542064,0.9814077796508056,0.5805373954620365,True,239,False,1.0220177193512028,5,215,0.9904133584823136,True,0.25085147471100944,52,0.022556604227705765,False,1
22468641,35001,0.23207712983422835,0.9766083903287555,False,252,0.9733977724966578,0,0.849049274262629,0.6122660133391418,0.11890956557039281,0.9914489526376027,0.005453663590694649,False,9,False,0.04687900494985858,19,78,-0.0011801199388522406,True,0.006572077084515154,5,0.760688922155287,True,0
-4398130,1297823537,0.286935074953109,0.297619070915822,False,80,0.19254868186160062,0,1.1234043976779629,0.17027019348381747,0.8394997058760308,0.47309787625108635,0.9952894601933678,True,508,False,0.19499849736691416,0,199,0.476544526224485,True,0.22240275981616686,517,0.04849817226680944,False,1
1188289,1240288029,0.4507283101766394,0.6405797401686657,False,215,-0.2671720997685051,0,0.8391858426804032,0.25355529288086015,0.004793627243478398,0.5223537796701451,0.8644375328069323,True,502,False,0.4639302465183584,0,254,0.03017502124756594,True,0.4826567955347947,9,0.031047468037087814,False,1
9720619,7241,0.9950104746528277,0.26573566342425003,False,0,0.6703117289767901,0,0.7888100536038978,0.08312311622683681,0.03598528595111086,0.506478621406678,0.7200115637623054,True,435,False,0.11914380106956664,1,1,0.03596445475047943,True,0.007410259145433057,515,0.026033859311142334,False,1
52902,26100,0.45816117112187676,0.980287510517675,True,3,-0.04827376349052814,0,0.7133698972702419,-0.0005854993496354603,0.0986482513684092,0.40742697051550486,0.5206137359449184,False,1,True,-0.00019636265015612712,20,220,0.0368096586668848,False,0.005957244408807618,1,0.9020473429159712,True,0
25471225,17241,0.4229480522507442,0.04201859537727267,False,252,-0.16466253411105092,0,0.7758789824268363,0.0371775502171008,0.08384733612723774,0.19162667787246696,0.004831583162008141,False,3,True,0.2824676715012903,19,131,0.21452283721621684,False,0.010658949891283047,22,0.6743954250612603,True,0
1784954,-2758,0.3395502998684722,0.28638310154287916,True,229,-0.12026467957733855,0,0.004894278118334353,0.7853236997791659,0.5423240023688295,-0.0519130561575612,0.004977285650173018,False,4,False,0.050303043669853546,20,2,0.13059036084746084,False,0.0064647890930107895,237,0.03413713634676688,True,0
226078893,1569277,0.9342467502852007,0.0510706150531865,True,166,1.272292656241647,0,0.025048352137317587,1.0005971959864883,0.2720014795956625,0.49481688134356816,0.7808317707201171,True,510,False,0.08870211400356975,16,235,0.4817486032996147,True,0.2016806607933641,13,0.02311387512423276,False,1
1804215,-3337,0.3574021927848544,0.2324198767198207,True,233,-0.03342499007918831,0,0.022208485816054606,0.009807910601894461,0.724067747977574,-0.000225471929185465,0.004768208686757485,False,2,True,0.029928038520355627,21,191,0.9895156728530987,False,0.01098607274109089,420,0.19335688456667194,True,0
-5258916,587689480,0.42640930204553107,0.04616947560282703,True,110,0.807677097795362,0,0.982976607970224,1.006945221275825,0.6275342868234897,0.4827583484464737,0.5783951935963817,True,1,False,0.08281517561562252,2,62,0.6929220614429276,True,0.021388918017821335,506,0.026853143994222027,False,1
1653667,39241,0.9318678097321439,0.05004425432086285,False,108,0.35471713886122913,0,1.1294666332316254,0.008587934991132428,0.07197445729983716,0.824740826611376,0.005331106514476947,False,344,False,0.9370536248666078,17,152,0.15365258189324574,False,0.008018040019677156,1,0.9229215316010502,True,0
-116508614,4596384,0.4285080167427116,0.6501764087566286,True,-4,0.06135414700592101,0,0.01969972406574157,0.9431240260586063,0.03277759910304229,0.536538106771238,0.7830975086582744,True,81,False,0.8312909849905571,7,221,0.9891311164848681,True,0.446377343744943,463,0.008384467189228983,False,1
20249262,40320,0.04399048057181507,0.21659007508683747,False,41,0.811685836344054,0,0.8136209704382115,0.00853510984629963,-0.1537874096391051,0.39337811693989333,0.5441162775962147,False,71,True,0.05862322720066869,21,0,0.01882041136268263,False,0.9859180147522527,436,0.03625111235275004,True,0
5121584,2436029,0.04788113119781452,0.16226510093949614,False,53,1.1741572444593094,0,0.12943397851915173,0.3877016743791588,0.5586341625078551,0.489994594109581,0.9044644194264597,True,96,False,0.059896853638950295,10,250,0.7441511423517586,True,0.4671698733818355,2,0.01894992635885488,False,1
54808,21515,0.18008866856643146,0.9803528944486221,True,147,0.30101824866772886,0,0.005968253157686829,0.05487496884719654,-0.07821222251832977,0.46375269959925425,0.00551327315374547,False,1,True,0.0549127395253178,20,37,0.12370067489886023,False,0.021537366977627176,1,1.0013589907516267,True,0
1602849,3520948,0.31404124060028,0.04464057022034558,True,224,1.10499934237055,0,0.218524894281585,0.4636879834274354,0.6291530957740273,0.5740592097737652,0.004984319768087501,False,9,False,0.8286990346713534,21,26,0.47808142179020435,False,0.006754400438500169,5,0.9788821260445966,True,0
12675164,2546647,0.9339658069476249,0.07869012796454919,False,-40,-0.0070243288815091676,0,0.7029048904831187,0.47118191017455513,0.0830178427632344,0.566324201846548,0.4196906730258838,True,9,True,0.05875404151942393,16,146,0.05071128243158003,False,0.008725696314021435,0,0.9729005874266465,True,0
1704801,4349,0.2843712081373704,0.057742970103218175,True,252,-0.05683242855099324,0,0.8240162046785038,0.0518999854453369,0.13109102928576052,0.94398682160544,0.41729063819231227,False,24,False,-0.019148191841857398,21,231,0.10523484059031517,True,0.0105360392180456,43,0.7981340898399422,True,0
1151927813,1053610,0.06771831618694019,0.03920253349869041,False,222,0.77381619933547,0,0.020318728332735573,0.04777362412089116,0.4238115004193084,0.48658596343488925,0.3838503276236505,True,279,False,0.17665970558170385,2,82,0.6517719341324546,True,1.0203820115816777,453,0.3401552580057858,False,1
1652383,26382,0.4160742108972768,0.3194733575403823,True,92,0.10867227104308075,0,0.793144036042648,0.4030425646001693,0.635023730581775,0.9903899945640009,0.40253979449254185,False,3,True,0.028860607192970983,20,235,0.20315437265981706,False,0.010275750417844252,13,-0.0006565904902408009,True,0
4994462,20399,0.2434269468046743,0.07077821434977641,False,212,1.1084304002948593,0,0.7617045615735056,0.46809946673778186,0.00480854685507283,0.8414627027731054,0.8212628285881076,True,104,False,0.1338543211375684,5,44,0.5171777851622296,True,0.20162790403821235,62,0.9178692465816924,False,1
4700736,3303,0.2421324162749932,0.07956160980381675,False,40,-0.036870715483308336,0,0.8314321679360892,0.1566679332535254,0.45449575946769094,0.49509903825280765,0.5722778168663821,True,58,True,0.24848823824240138,2,0,0.5126093984226899,True,0.0025377994501572187,12,0.019506278798249052,False,1
24844033,39341,0.4317364944143456,0.15129350110809078,True,70,-0.00012855662478783447,0,0.8177717555474566,0.1082594673212618,0.12423847045347325,0.35744568942187027,0.35965843138360765,False,294,True,0.19497099395383122,19,24,1.0039242107465398,False,0.02155134947038575,0,0.1914600657195278,True,0
54052,23626,0.9346651973187607,-0.06449953467476977,False,-7,0.005364385163347585,0,0.7261348047375535,0.03618749747042349,0.5457764231383667,0.8473167551381361,0.7077376238487195,False,0,False,0.04153028266873955,20,200,0.3417152717130853,False,0.010843691972421826,106,0.742393244158504,True,0
4286965,10900,0.2853920676889201,0.07517873669651047,True,148,-0.08239372583000149,0,0.02477199651486029,0.06449444298659986,0.007413905422201463,-0.0009072783600382172,0.9028389760682092,True,302,True,0.060011378779995864,1,1,0.6178667423162072,True,0.7267699410198208,418,0.03071543743563905,False,1
311868795,1096154546,0.1974152611548809,0.05636860541984344,False,252,-0.035630043785949805,0,0.7277656422717171,0.22391631248016375,0.710677423986738,0.48797527052347156,0.787253895905986,True,132,False,-7.589536871569229e-05,11,230,0.39897750850536723,True,0.8544833920912495,505,0.8369391096956653,False,1
70293,29039,0.9949335029547322,0.2545832346572347,False,224,0.8989853933363499,0,0.006339196206872105,0.3962224727979339,0.09312729055399907,0.8424038930304679,0.6638404034937666,False,159,False,0.8169508500613694,18,3,0.3221971489776349,False,0.00693671045345907,0,0.7344428335175871,True,0
-155367905,873654,0.07781521794391372,0.31963928828114346,True,94,0.7172950642081566,0,0.01725344107583283,0.1805027911293037,0.35832549554381143,0.8469253230752766,0.5932451317799071,True,512,False,1.0158276474595667,0,32,0.9977099414520849,True,0.201648564755258,33,0.029150468992745756,False,1
15602561,1586434,0.05084094290975576,0.10349689554291465,False,228,0.984201843782799,0,0.8412234687566416,0.08456204937421426,0.005854394894246561,0.889174483389964,0.8256882924921138,True,268,False,0.2464733735354315,0,27,0.492548116109795,True,0.4203486270776856,503,0.0216681283130736,False,1
1148488774,399439,0.2594174484127437,0.016149869021141794,True,135,0.015291513494541609,0,0.7553155765070326,0.013488437313224329,0.7238724591861019,0.6153520619874631,0.004742474733594324,False,0,True,0.17358963300062719,20,245,0.402544943828392,False,0.008236818317371906,0,0.9765475993666421,True,0
5620501,38647,0.9944585110066472,0.978401831054469,False,-7,0.3494856724618762,0,0.7225228424564375,0.06775297124109249,-0.0022585184535721115,-0.00042194536084236864,0.39595312434542773,False,504,False,0.07031733791983495,17,42,0.2260747041109152,False,0.7068657429271896,426,0.9797648972260666,True,0
-147995,16052,0.41386588755768583,0.41692157802614827,False,218,0.7756022066193977,0,0.8200433872847269,0.038531473013342706,0.5581343099620996,0.6429444549188057,0.4038552450224226,False,47,True,-0.00010926016745967923,20,67,0.30583037545522845,False,0.011068848718684784,0,0.9549662662764382,True,0
4988897,1370674402,0.2896375416502121,0.0386706543863498,False,71,0.8761984471399236,0,0.192108450695565,1.0026824647659465,0.7977086731071635,0.5709919407790987,0.41119166583910727,True,1,True,0.26493244522720427,2,0,0.24270868969170806,True,0.986591802634033,12,0.026548337472611438,False,1
56554,20040,0.29575454208886137,0.04168607262831754,False,215,1.1345852883520084,0,0.7693749399028622,0.058325066393143596,0.44784845829574405,0.3590218055194305,0.4725328971264648,False,6,True,0.16804558544165768,20,183,0.00799368130056589,False,0.008533083382078633,1,0.845703276908949,True,0
4233344,4186509,0.23207220588976582,0.5570421630023259,True,252,0.4510358778821685,0,0.2585025806583322,0.7833054464524548,0.8542782587504899,0.4940570811580405,0.5690442142611082,True,73,False,0.25180360977075444,14,18,1.0173191088134792,True,0.006719175569809943,502,-0.0007421645747049387,False,1
-2503449,-968,0.42763527644983274,0.3524712228025339,True,167,1.1370397793052929,0,0.21410406314456934,0.07310010611495675,0.005055376986009602,-0.0011207250938538836,0.7247182495506477,True,506,False,0.2619926685203265,3,255,0.49116561632268857,True,0.28004862629006383,43,0.9405264964431784,False,1
5162920,2453579,0.08075266704390535,0.04064977028672917,False,38,0.2679449837818661,0,1.009633087266654,0.9494574765968982,0.005126897699700807,0.5500768073481161,0.9369034593216724,True,77,False,0.2037191986546048,1,79,1.0009593084196537,True,0.020452945193104616,12,0.0314070797252031,False,1
7352675,3135276,0.46041621155378853,0.27415458114614777,False,214,0.7438443231890751,0,0.876972952695229,0.4260558999626191,0.09141352651394902,0.8356653699009197,0.005232339176414351,False,45,True,-0.00021482086494746484,20,166,0.1581744402230125,False,0.02072924476327364,0,0.9920649014810674,True,0
1759924,20065,0.41267855516532725,0.280439660481661,False,252,-0.0006564054395356012,0,0.005333689648747793,0.04209716570194589,0.1319775281490871,0.5689095208909383,0.004952817008345586,False,286,False,0.24077431545109776,20,73,0.48238616659332517,False,0.009327120247263485,6,0.8965276845449589,True,0
22558942,38341,0.3754113212116846,0.05554093467757486,False,231,0.9352062196728534,0,0.3323376021882377,0.5584087177876544,0.006133127749193766,0.8445965241573656,0.004638156100448723,False,501,True,0.03960460123184035,19,20,0.990232540993934,False,0.010695677336188982,149,0.6859534813893764,False,0
1037977153,5802138,0.07860473000016047,0.16646935054105882,True,127,1.006104228397209,0,0.18747224022093126,1.0022769119693564,0.020118708913097888,0.4748673390660588,0.6933912531750388,True,509,False,0.11883304689397856,5,11,0.46992511514069235,True,0.4695854424523467,58,0.0817520761707766,False,1
20593776,20199,0.2118308109985424,0.044832803673516004,False,84,0.8453262056220415,0,0.7335898507176256,0.030534094261260997,0.009978064826962877,0.6344086385094558,0.8116148851904997,False,2,True,0.03258173881954378,21,204,0.12578101354296695,False,0.020322048072937634,2,0.9918748142459275,True,0
4065420,22713,0.2491520955115911,0.044896734665052035,False,223,-0.22548700848668313,0,0.698410047329082,0.04990537633303386,-0.11706860453469986,0.5730506185527158,0.0065061617521220095,False,8,True,0.030644874993689036,20,0,0.14494397426531155,False,0.006414013632049892,422,0.8807789510336894,True,0
5663935,28765,0.23857808361209445,0.00996288238126175,False,81,-0.2474914262898057,0,1.029586879612548,0.4905214358304686,0.7227155866174626,0.8518127789753981,0.004925163575347753,False,10,True,0.29278133995450406,19,48,0.49771625704293726,False,0.009374962262796835,0,0.6066323987596205,True,0
4266740,30411,0.4148956396775818,0.05658119826352141,False,212,0.9997289781964468,0,0.8693980100134588,0.6922935049639541,0.13661419487180668,0.8391693281343127,0.004725013658393811,False,0,True,0.051834919455846035,21,-1,0.47948204580637127,False,0.007985296711965299,47,0.9919540195552135,True,0
58647,38802,0.41287266051499294,0.029519766111211286,False,56,0.4530771509839856,0,0.005032096453892261,0.6097888065038795,0.07565497540868067,0.8420762143171677,0.41231194776192553,False,454,True,0.24581789373600962,18,22,0.01023092706065811,True,0.007699540458237583,39,0.9451956475475972,True,0
16302997,4715375,0.28037647887209727,0.025155768589510748,True,252,0.32251004595655214,0,0.8421872066099367,1.0001454757318302,0.3114846770372249,0.8692039820856698,0.8005478249469522,True,215,False,1.066048342799998,1,91,1.0006911759851755,True,0.9215893537106179,25,0.027664331559840848,False,1
4382613,594264665,0.9946724318471893,0.7130240759387885,False,45,-0.18834606818967503,0,0.80446129009178,1.003821300802418,0.39515007765711135,0.8620284773399398,0.7268501251189028,True,98,False,0.24717789833479117,10,146,0.4756943671865923,True,0.020204452152739222,292,0.24053107720074893,False,1
57920,-6988,0.2983592237501625,0.07921869563289041,False,215,0.6753830676117436,0,0.8423967310728266,0.054209668877264874,0.5158887731451889,0.9489824213621851,0.004711089966021412,False,167,True,0.08690122681992873,20,253,0.8057931294410822,False,0.022324528193333262,0,0.17655979707639818,False,0
5052183,5527946,0.04904077253722819,0.1151664362910813,True,106,1.033479271482252,0,0.8300161158496279,0.10329028128698364,0.00758261074199781,0.48514125315997936,0.7261387051435568,True,301,True,0.04666800896452106,2,15,0.2302957448308201,True,0.6565804694427209,292,0.008600098992109334,False,1
398196244,12744,0.21351954918752591,0.2353589133332578,False,49,1.1861825962556112,0,0.22457762692974126,0.7388809126820396,0.0722067077606386,0.4774159622132197,0.7501722478485768,True,212,True,0.24824884796748398,1,208,0.3239002604838122,True,0.0029062519318719233,49,-0.0004941515167383986,False,1
1498850,3702,0.06489188074554998,0.057879011431583485,True,53,-0.009695978141588402,0,0.8878472269453965,0.23526429668300577,0.020757052685901584,0.48324996990248814,0.8279014633823694,True,496,False,0.8338700937596052,7,251,0.40193855650904553,True,0.7947564096948616,58,0.017274449747514818,False,1
1693443,2341539,0.4330262811833382,0.02502174114433532,False,252,-0.07120503986446702,0,0.005548068010127082,0.45383528160131026,0.14777155099400494,0.9374901625291296,0.6227527178887807,True,1,True,0.08622519358734229,21,0,0.045557246344343966,True,0.01993062531946501,3,0.9896068318386068,True,0
4405516,4464702,0.2728912355356491,0.46265191866873956,False,147,1.0355034853057967,0,0.03129827864312147,1.0008196888002645,0.004834095466118876,0.5130661932603675,0.5704499918072318,True,82,False,1.0730859040078515,2,2,0.8897543028091419,True,0.3729833325549293,57,0.011608512364844552,False,1
9033551,480903201,0.4019270753006799,0.024453527570781498,True,232,0.11179636654836989,0,0.7254210261076692,0.038392295116040344,0.026564720959863272,0.4570134419811615,0.4098059990979582,False,46,True,0.05005529975323072,20,19,0.16766172366911167,False,0.008011854460755724,0,0.12121710866462741,True,0
5116501,30107,0.09357033186244529,0.21684897168759293,False,114,0.5974367311596549,0,0.011140972146536532,1.0003464266056596,0.10841392022392968,0.4715425923435044,0.29445558064797495,True,12,False,0.2860408678004427,14,197,0.7019600091067708,True,0.6344178892300708,499,0.07895661508430477,False,1
1697662,33210,0.10458784373002294,0.9809452160013662,True,222,0.8033161731877361,0,0.8484774030290467,0.05160909852100537,0.009277990626429672,0.17636360042373894,0.005201667736511838,False,1,True,0.0670512057422386,20,243,0.03433736948221088,False,0.020831133609695504,2,0.8700563986635911,True,0
1589325,4062425,0.09421883358737425,0.04104603732121001,False,63,-0.1119386400999336,0,0.006363887077019078,0.01364887052838977,0.2912650738172566,0.5667820909772977,0.004677178066614931,False,15,True,0.08790119349252973,20,239,0.274574855022397,False,0.9643326422987452,1,0.09556854523762506,True,0
1604118,27616,0.4606882908779129,0.46498501960723904,True,133,0.02339347013260984,0,0.005758974108631749,0.061490772947577044,0.41974702344646686,0.3499983012205603,0.005057999773251295,False,2,True,0.8028730107467481,20,254,1.0015576051411637,True,0.008158202153460005,21,0.9902598609682112,True,0
202842859,1141572059,0.06472743372088886,0.44306384184405956,True,86,-0.2839187662789615,0,0.16099356103484744,0.2715444091241752,0.5337416497301444,0.8387679662063378,0.7272020842713682,True,507,True,0.2149970602398289,10,231,0.5726740880718655,True,0.6295518239751391,520,0.02864384186531853,False,1
53267,20486,0.42319412305431353,0.16315637860334387,False,215,0.018912643315214472,0,0.938085327927653,0.05474810168967262,0.14582657669466234,1.02577051493276,0.7771115276077578,False,19,False,-3.0086353678606248e-05,20,8,-0.0011120653722149147,False,0.008515123056204728,270,0.25372171398259963,True,0
1764628,40446,0.2294807065201201,0.08005737855533726,True,74,0.5858369914435334,0,0.8179904487344838,0.38946804327627405,0.1067449686876216,0.9911802518034767,0.46137152233789797,False,6,True,-0.00029073268394542794,20,238,0.05754468364339734,False,0.008268451180617926,334,0.31716030329098155,True,0
5215280,39812,0.30740633481778523,0.1818477248355418,False,252,-0.27519007784963356,0,0.02540200535686398,0.12674256779752502,0.03992671851682483,0.49557435720175913,1.025184546935181,True,235,False,0.2603258209516383,6,238,0.5214270924440844,True,0.696207613265542,30,0.1841256068632737,False,1
4086869,3766030,0.23779825799951776,0.14417167265695713,True,216,1.1039521479432541,0,0.9846905975621187,-1.734894772361864e-05,0.5673886961459512,0.4721187198670612,0.583726341875016,True,85,True,0.2393068988358218,3,125,0.9105737209320705,True,0.47518494632061936,90,0.022177938845921136,False,1
-1799721,39707,0.4892878574767313,0.4756691676233382,False,227,0.9046399635295733,0,0.7875098080361334,0.5077472876606205,0.6287066968472758,0.5659608151075215,0.004786188814053055,False,5,True,0.05234604382170853,18,10,0.08850700570557035,False,0.008074715430903103,1,0.9899984559824605,True,0
1046934554,26158,0.07472598082406563,0.370655745678929,False,76,1.394119330533095,0,-0.009973195436453058,0.14179772731733012,0.12937649139408364,0.49670440919511305,0.7698931522983814,False,90,True,0.9938327776001774,2,255,0.8645289626501365,False,0.2712143501879106,22,0.3770667842685675,False,1
56547,30181,0.9944956318569296,0.6545425907445951,False,166,1.0249814115609515,0,0.23803796842533137,0.03161266019908767,0.37321600686147127,0.13312657467909178,0.005129695057014166,False,510,False,0.058975590089169694,18,231,0.016576279786326326,False,0.020046893719770253,1,0.1937958307757555,True,0
1594276,1760945,-0.11410760529140895,0.03771125058248276,False,260,0.07006000409592178,0,-0.0001997490574006805,0.052861596352427306,0.06097873301337724,0.3258434291723821,0.7161567210276539,False,174,True,0.08079727932422129,19,130,0.233874330108844,False,0.005766997164928012,195,0.7365853177171436,True,0
52891,3452258,0.9355665780280261,0.5039091891386033,False,222,-0.023837300298244046,0,0.7546016797745411,0.051283410875344854,0.031127199858730706,0.619834123772157,0.00477293760456654,False,38,False,0.04153603928632204,21,149,0.07282167862617782,False,0.012087587831380505,3,0.2696163802845657,True,0
16115132,3546,0.4588001026770893,0.2824335778751198,True,261,-0.19584298745044448,0,0.7492956657457418,0.8777328851513557,0.8927002511622477,0.8347014777348335,0.005008613460835837,False,431,False,0.042700898342956935,15,56,0.017348333657253703,False,0.010348569088494918,461,0.960683198430985,True,0
10470133,1357399308,0.34104493387972074,0.041162982152305065,False,252,0.7132875756326383,0,0.8367196320221043,0.44432292712406074,0.2220861854842914,0.8290159875324861,0.8045380261030658,False,21,False,0.3668071929857677,21,224,0.05033936718884864,False,0.010316002011091207,1,0.669760614992941,True,0
5206803,1133600970,0.4131229743719861,0.08298974198639768,True,41,-0.2975901524264727,0,0.005470166827170369,0.44275873555254075,0.027871785057928415,0.9090684127037945,1.162790606662761,True,144,False,0.25032032290187944,8,8,0.5011848331028275,True,0.0025254164923123137,56,0.029741273939892326,False,1
514748125,7703,0.0911392197756973,0.11777489869766711,True,136,-0.10712953448458773,0,0.7631001310215761,1.0040332251191022,0.6777333868157293,0.5045677512207233,0.755534169394562,True,507,False,0.2631069694666001,3,0,0.7303003633544078,True,0.236897836281813,422,0.403745142048091,False,1
924955293,532437522,0.08097434209839151,0.0402691819099061,True,-6,-0.016859138519266237,0,0.27056787007296773,0.07355865142775873,0.793657645318085,0.5675062022938292,0.7726380498586878,True,111,True,0.2663577038213625,2,113,0.02015583364303633,False,0.002591201250472586,25,0.056429112575578574,False,1
55698,-2106,0.4610613799677244,0.1988827443120647,True,253,1.0514514497589702,0,0.782318123105023,0.06589626993472512,0.62925831976301,0.9432362883126794,0.0046120733640737325,False,22,True,0.08963392628383748,20,242,0.11138193738973517,False,0.008157955391250386,242,0.7664500991435254,True,0
61672,-4539,0.9213634849172851,0.04222595162072494,True,86,0.4354756844492328,0,0.1537780547913034,0.6280808494474136,0.3933014697214955,0.9599234584499778,0.006092482385243219,False,0,False,0.01982787759512348,16,24,0.5119366602108645,False,0.024602168230109453,1,0.8486923755702539,True,0
19004340,-2150,0.45969801086427264,0.16786164614546337,True,-2,-0.02746146631114532,0,0.012222682764119742,0.2220156174908677,0.3032047073775603,0.3172037758187611,0.005029776288664583,False,67,True,0.03869274357825074,20,21,0.03430187782493972,False,0.008887896452931551,3,-0.000341735347125976,True,0
64063,-8806,0.928009981329941,0.02232483119318486,True,252,-0.1122224904078899,0,-0.024607990783639094,0.980611635051281,0.09872216039526927,0.9557886730716127,0.005063571380736696,False,35,False,0.01886581069075985,19,103,0.2066368527918439,False,0.022861666908609628,290,0.8002337061428759,True,0
5112965,5552,0.993925183704094,0.038931256746791806,True,80,1.0956730947907638,0,0.007159622795972126,0.21397499466118675,0.004935521346780631,0.5717293548517538,0.7135073617972537,True,275,False,1.0356214856163333,1,254,0.5048724300477528,True,0.8150222444058478,64,0.02976402323084832,False,1
-1936461,1351007655,0.9949007574468851,0.2497229551297379,True,214,0.7053914099470348,0,0.20532394433397652,0.14463324332190775,0.06808065104734445,0.5000521395196416,0.5794536998693297,True,174,True,1.0656339452650294,0,244,0.8039039773714165,True,0.002664658754544399,3,0.09124166171897002,False,1
5102198,4221648,0.04389837136417701,0.1627410292957262,False,216,-0.3038943111817709,0,0.187526608228489,0.03554027755539814,0.33221327845989035,0.4909470136070543,0.9762151883308645,True,506,False,0.2519330758039517,2,152,0.2723711894024994,True,0.002619323087922686,510,0.06562207566385148,False,1
54975,31762,0.4590206196009819,0.04402390074224724,False,28,1.3352360530774607,0,0.8718310588238227,0.028073067195392383,0.002516869130681115,0.8296401744122797,0.32455576040308826,False,4,False,0.029133244423460217,19,149,0.010857855185231195,False,0.006043403424394221,427,0.9900135138183093,True,0
4879090,6489097,-0.17398869817461238,0.226347434233238,False,71,0.018248529637009625,0,0.012934494415269414,0.2195477064943946,0.7793695053403117,0.8450053425638355,0.7229048669988769,True,77,False,0.26253429322032457,13,24,0.665364497958544,False,0.4721991775484612,505,0.01732878310571598,False,1
1661287,15580,0.33291981782893953,0.08164137365297305,True,161,0.336658412165619,0,0.007373373555172744,0.4316822757369027,0.5818947300698769,0.8307555003695044,0.40499676505882437,False,279,True,0.23859551015888686,17,16,0.05405034262492579,False,0.009865102099379061,1,0.8886728731984281,True,0
2015661,35452,0.993225118529624,0.32461935675256387,True,81,0.7846147774628514,0,0.7858880693721209,0.023932061525341525,0.8071684578969306,0.8502138094385159,0.004684882144361969,False,31,True,0.07869789272411652,21,160,0.8996988384246389,False,0.02306178098721075,1,0.3359128144334347,True,0
52840,30325,0.37480074846706535,0.10213968489114317,False,249,-0.2461048092882704,0,0.00606973038760027,0.027115672947190875,0.7663670197452968,0.5693853080106346,0.5071618884613939,False,2,True,0.06156360333775828,16,0,0.31343518750018784,False,0.009847700920480845,1,0.04928390436112698,True,0
1227349229,37816,0.9945370959842752,0.048448264677708665,True,226,-0.03462092827911367,0,-0.008642652623520347,0.013088872241901634,0.13136314067875998,0.8493430969717279,0.588715670270273,False,3,True,0.019189787212502227,17,253,0.1624255241229518,False,0.006850620387575764,9,0.3384131516872388,True,0
796379599,1457719,0.935764704199303,0.05818375959006452,True,229,1.3772899926810993,0,0.8107792279654352,0.47953768450354556,0.05658190564210506,-0.000353712247168601,0.004934328742084065,False,431,True,0.0826477481584292,19,210,0.15599474154315282,False,0.007454187756382931,25,0.26725742731324154,True,0
-2935302,27831,0.4606319573762203,-0.08559155431618204,False,252,0.7840925748570868,0,0.8320652557232332,0.3797929646193437,0.9278623280413503,-0.0006111332484499424,0.005463378470641419,False,178,True,0.6461269527211573,21,5,0.008469965510667631,False,0.011619044207410495,22,0.2317766472935474,True,0
18264655,3986087,0.9950955025175802,0.19494675443667808,False,1,0.7501271313799278,0,0.7535845517624761,0.0725123647745032,0.5147008736008569,0.8382668039055062,0.41553224458307514,False,115,False,0.04180590097336487,20,140,0.5064471210087822,True,0.011243693308077275,0,0.1523080577417392,True,0
1176453,3709,0.42758884116324836,0.3029371529678162,True,151,1.2556611500672594,0,0.03459795647687719,0.165935017249582,0.004947857316968251,0.4767597008938591,0.5759879648357973,True,98,False,0.21974985155984533,11,255,0.8713293749590417,True,0.22618867580938568,16,0.05791256504882631,False,1
1162213,1833,0.2617765708491659,0.05442656388481699,False,27,0.9797578988825449,0,0.029461641684501223,0.2026740166676349,0.006259758859938649,0.4839814749867173,0.7469234557026081,True,209,False,0.25166385149276993,2,49,0.8268262078943476,True,0.4917032932841501,42,0.027432586476031137,False,1
1608358,40238,0.9274013651352729,0.05227046716572164,False,215,0.8377422287113765,0,0.830712105400816,0.00967775176784307,0.5887328402548644,0.8196340604082746,0.6957356493899558,False,0,True,0.027494568285477673,19,235,0.017803854922453163,False,0.010878281291955434,6,0.5842392041458895,True,0
22820188,27479,0.3372089640041837,0.07317815734013929,True,256,1.0504542011226103,0,0.894660180003457,0.048672286111075054,0.029148372674987086,0.5655672297042521,0.4041285204925545,False,20,True,0.09014574522531153,19,12,0.14063555728123042,False,0.02102592364809483,270,0.5739078576342531,True,0
25007231,1217599701,0.37315439824769986,0.2327274252313713,False,-1,-0.28357693334970513,0,0.005320357629090297,0.9903111472596193,0.585964756731348,0.4925380660247084,0.5764332739335806,True,504,True,0.6639826729648144,2,81,0.49082791950489035,True,0.5158910824413626,27,0.9072294889076227,False,1
1002469253,46818,0.036440169952948416,0.05681404921342305,True,136,-0.10158060917565248,0,0.00519189104122118,0.4609491568381995,0.005420206814261756,0.8475148894384741,0.4163080882084445,True,268,True,0.2603454937289323,2,193,0.7001822559855533,True,0.22602504334392035,4,0.05760180972833942,False,1
488473974,1947335,0.07551287947406587,0.03964491591328954,False,72,-0.10375488001045363,0,0.025662287061102372,0.6219577096202576,0.5373322633964162,0.990912703218369,0.5764487372463004,True,58,False,0.48318527269507444,1,243,0.01634478517610539,True,0.4729895729594442,74,0.053143709441275,False,1
54595,40572,0.9285294220076183,0.04525171883510946,False,72,0.00998899247142615,0,0.8245314650037169,0.07468812123135912,0.03226710121779209,0.5335580822647016,0.004780590697790858,False,1,True,0.06285068661587266,20,212,0.07624302904959628,False,0.0056950032435800855,257,0.08582139331500452,True,0
23646437,1470,0.40324552827875004,0.9793741009774645,True,231,-0.32659672334792655,0,0.004853032287186196,-0.0007138503516951303,0.07810169547929664,0.37412484493749815,0.3566302030800599,False,104,True,0.25200736173673316,17,254,-0.0010261719361792656,False,0.011986441703205477,0,0.84060476009137,True,0
5200326,1263782485,0.9949578294790945,0.02424050173455597,False,40,-0.2547294276743757,0,0.17238921015322106,0.16466053157961033,0.15553196879252978,0.4966799882884262,0.6827365872256701,True,504,True,0.0672415728762404,0,125,0.9744672683702362,True,0.5091589214015069,501,1.0012756144339636,False,1
-172873830,2739037,0.3345756527454991,0.27607155020722524,False,249,0.9244871815715752,0,0.8119162151420272,-6.096552526901058e-05,0.004986303028469155,0.8515857094378485,0.7920067939641449,False,1,True,0.03285138537726858,19,183,0.04522571899734844,False,0.008965986625385244,493,0.9416826846893227,True,0
53045,25696,0.9202991895418794,0.02216727618016593,False,26,-0.33677183756020357,0,0.3119795746556544,0.010948116411213545,-0.14820767964037246,0.5668188783534146,0.573404999824868,False,6,True,0.029926880915705653,16,141,0.8720199437721324,False,0.010288613950870993,0,0.794714082890772,True,0
19589778,3318835,0.43785867474370055,0.048571307977237535,True,92,-0.07545884287820737,0,0.34179083098983426,0.021055975505257996,0.12967198569347016,1.0281094987287878,0.005080011521187794,False,168,True,0.18443839555737895,17,1,0.15151560057283348,False,0.012075382923554588,0,0.8175911971077734,True,0
4545792,3710,0.045477469670028275,0.9813329978766873,True,134,-0.036073438252674395,0,0.030955313830383566,0.08412684383605322,0.00283984848574032,-0.0014424314007089234,0.7197369812339383,True,509,False,0.5188527571940724,2,255,0.9297058595553536,True,0.23197482174234146,2,0.006127658114428308,False,1
1054364633,6460,0.07836613180854604,0.04424353191895347,True,132,0.8249939629609273,0,0.824657701330756,0.3725496884185082,0.02017293336143757,0.8261748549101989,0.7892631343796781,True,362,False,0.09333160151303728,14,16,0.524804367247915,True,0.002795539963177935,29,0.03719162431782227,False,1
6031072,6131,0.4560835107980379,0.060136096622020054,False,70,1.3343122657352184,0,0.017954181612859,0.045497611309544286,0.0056001245328296196,0.4971856826415536,0.7821264564402948,True,302,False,0.2503520151622629,1,233,0.8436985077711465,True,0.5069716059083752,55,0.029583183572271344,False,1
1590088,47453,0.06528620892072169,0.04154609124239259,False,42,0.5540520480458312,0,0.8346123876162196,0.04920579750555255,0.1793982343301907,0.9910105930191266,0.5519132917171902,False,16,True,0.11777288227037512,21,0,1.0080713760005877,False,0.008675571967746678,484,0.8064064877435911,True,0
1291524,39856,0.45894187875460435,0.01733554477196575,False,106,-0.06692419002533712,0,0.0045582705829240715,0.010882462690078157,0.5601336575171062,0.19083101314800782,0.004810274945772526,False,38,False,0.01954285614713362,20,0,0.49491113836402106,False,0.008368591957646923,1,0.633793594850319,True,0
88747,35948,0.37483507376963887,0.07714245582320126,False,96,1.36356669432582,0,0.777719491915168,0.933235147406885,0.027710676030966448,0.9497419827795186,0.3764274619607628,False,166,True,0.01937357505705897,20,73,0.03483421110517479,False,0.009331375156776248,350,0.9919745065325696,True,0
5527929,1133366207,0.3366756897437173,0.027806407902107238,False,213,0.6250206470163058,0,0.005977792856525008,1.0050912779453154,0.005100579436958703,-0.0011346477936588287,0.8378554410674514,False,178,False,0.2475562852697679,2,13,0.45752530058760466,True,0.2724323007942171,25,1.0029943793558675,False,1
1103405559,2642292,0.4827679698174502,0.1602336016060981,False,220,0.7836841234013027,0,0.004833830914534501,0.012328365356126128,0.756243266491847,0.6438768517374069,0.7011989198610329,False,21,True,0.03877736734252336,20,0,-0.00021356119514839728,True,0.008897156764255565,2,0.6813076193031187,True,0
-2933268,-7018,0.4334871451626294,0.05217182334453807,True,51,1.0038266924353374,0,0.02720980590866113,0.08845426521168184,0.3795556305748561,0.4898257067386036,0.7390357004341499,True,280,False,0.2456105421002166,0,30,0.49517995511799956,True,0.92168712225925,69,0.04155490963134869,False,1
15480411,29501,0.13877059741532904,0.04412151668921623,False,65,1.2028001853886172,0,0.8573343859939276,0.4873702067496648,0.4205426515244106,0.5655509812272593,0.3397527684716154,False,49,True,0.019408685487228964,20,160,0.05693992648524879,False,0.9852156314910845,0,0.791223482435937,True,0
579214896,388852215,0.2329441929425989,0.16174887587006237,True,106,1.280507417394737,0,0.003064476442697431,0.012908895798654025,0.02113674907229966,0.5266642933838173,0.9653210140553522,True,147,True,0.1900792629542138,13,248,0.33943546164472416,True,0.792549062057517,273,0.03051385440019474,False,1
55588,17971,0.9358932891341212,0.21500331379339332,False,98,1.0130103419433754,0,0.004992076263173162,0.5643393961433247,0.02983258311869417,0.6337802555434382,0.004753321197822268,False,13,True,-0.0001263576754162488,18,13,0.966957573009646,False,0.006642527552341078,5,0.989837371302915,True,0
5459178,1523076,0.072102998736139,0.05723698535793275,True,87,0.056624761990325845,0,0.007395207364789119,0.05986385249016554,0.03065488267875974,0.5229645648574475,0.8349275169544224,True,66,False,1.112531941299098,2,17,1.0038103535134246,True,0.26274472829968,418,1.0028087233252636,False,1
4595199,5117,0.4621979815792365,0.16537517743900357,True,252,-0.0034974129728165826,0,1.0760485585224648,0.17387819865991416,0.005825576335557866,0.5195334203608528,0.8072974063276178,True,507,True,0.24405764827078583,3,218,0.7165160097060889,True,0.4895748384694486,24,1.000318371828979,False,1
1881941,20544,0.3387332809740056,0.0036303666183677974,False,219,1.0211246904733249,0,0.8937531125599285,0.13125503287061882,0.031107528650609298,0.14283230820668552,0.005315195349903973,False,145,True,0.03293507748396657,20,191,0.4833529397106545,False,0.009058590439829057,263,0.7053407075602007,True,0
1589715,26877,0.9950356566618794,0.044915261672983535,False,229,0.9224950132827388,0,0.012170546808469199,0.08649439671342644,0.07859688777837626,0.9914834328449689,0.38746758619519645,False,491,False,0.08392815244991417,17,144,0.20089044150138063,False,0.007829176876916111,4,0.4292701017674077,True,0
1583633,35267,0.46018936015383793,0.042021496737250294,True,110,-0.006803862093113899,0,0.8179967945014298,0.03772474389597135,0.0728826661500728,0.5487442769287216,0.6907699874682336,False,0,False,0.56086478994547,20,106,0.12763997498037455,False,0.008775339340684259,1,0.6464725704855585,True,0
68638,380896,0.2376283360519365,0.052586952927462884,True,210,-0.17269567779048234,0,0.005014557899975325,0.5973277848926238,0.05402120159896018,-0.1439014152878786,0.9016802248707492,False,17,False,0.04041821573125451,20,99,0.10821726577792916,False,0.01010986024997385,339,-1.2655789004718659e-06,True,0
499097554,1344647546,0.2635131696099902,0.040159743199657504,False,252,-0.09028385015735318,0,0.28603732448562813,0.9827780965978048,0.004732229524151282,0.8347448081462794,0.5723013248120813,True,507,True,0.24399322171424756,6,42,0.33717481651113396,True,0.20466819180402612,61,0.046282995669380704,False,1
4715777,4775,0.4613054852161225,0.2622106412126519,True,62,0.06512176808154913,0,0.7893045815328776,0.1621540583465966,0.004810633545302627,0.9914888556623068,0.7624461859677429,True,18,True,0.21405555559178957,7,200,0.6193824823949816,True,0.43595741013177625,61,0.031408298986201504,False,1
859470186,5770,0.09604211743893917,0.16498586549421246,False,134,-0.05103279668120997,0,-0.01022778745299327,0.019284848925954095,0.004821616384312421,0.8534998962589511,0.8092068630385091,True,511,False,0.2604847909760745,1,30,0.3893018570954808,True,0.7265997661901807,466,0.1976855575308424,False,1
7655131,24560,0.9949609411964173,0.2970244663840702,False,97,-0.29208105094832626,0,0.7759064267629479,-0.0003059311311191419,0.5062190076614579,0.8117566642678615,0.42991713170718904,False,148,True,0.04730781912551259,20,237,0.2419456370118322,False,0.0193960723387351,19,0.9917120940078727,True,0
1167905030,446244271,0.0745406867299648,0.2900543303616736,True,92,0.26859838497886435,0,0.027290336371261294,0.019509279216175242,0.5503265447522943,0.5720240163381232,0.42349665703956546,True,87,False,0.36101600576276155,1,82,0.5207037842077998,True,0.2691166520408721,15,0.042513198402729484,False,1
1641892,1205558,0.062149309271854226,0.03885433696861909,False,166,-0.11008955678794163,0,0.8975127511928295,0.1600439816853801,0.5067481607088686,0.49097236906374064,0.005178827778540075,True,135,False,0.24714594461138417,3,132,0.9711409003827052,False,0.4932376680642805,42,0.20962090053259422,False,1
4711188,1070407777,0.04652515794753418,0.05634900052895482,False,70,0.031118572278951484,0,0.02574392323678726,0.9870613334934786,0.6010742223453502,0.5324230743170707,1.1572804464135134,True,60,False,0.2520422329410426,2,17,0.7384229065203983,True,0.457942243510447,511,0.02241813410699294,False,1
20002846,12073,0.05095452481060304,-0.020489293222537786,True,98,-0.29713855816317003,0,0.027020957245962214,0.3899666861632616,0.09113796351772893,0.9119482417362818,0.3961655349919439,True,229,True,0.250727037435544,2,236,0.4861036200236006,False,0.517627550000193,61,0.032108159928471824,False,1
59235,26535,0.0942793369905755,0.3751501860116463,False,0,1.05793941945926,0,0.8165061415174218,0.09795082176853077,0.027090531339322668,0.9468584863258271,0.41583819365958613,False,7,False,0.05559525547393668,21,211,0.16424620711102506,False,0.01189128176997936,114,0.7150042756198637,True,0
1655472,22120,0.4271871112273009,0.4759121665833436,False,-5,1.1582554025143834,0,0.7184248604797225,0.03992149854132237,0.4275648702551258,0.9914396354279412,0.5131268150353399,False,167,False,0.03880607573164304,20,243,0.5088633658374108,False,0.019617724127433754,166,0.9909539719689883,True,0
54378,45871,0.29440145430710357,0.038866838586578877,True,109,1.313122904913728,0,0.007575059111752533,0.025092217955450743,0.003970119028886735,0.8455413408778084,0.3840454918313214,False,16,True,-4.3611871341520495e-05,19,21,0.06136310399974185,False,0.01163843995976043,459,0.23679297253278014,True,0
3882639,3174727,0.23192768035715966,0.23516524813864595,True,108,0.5323762992556647,0,0.9094571227931199,0.4165776826543751,0.005601603542933734,0.8909606993539232,0.7118237535581764,True,195,False,0.7528334172086149,10,6,0.7464229975945459,True,0.6749184609855822,448,0.22349298434299833,False,1
1589674,4370,0.9335117645982944,0.0450783291213252,True,273,0.04433619987362525,0,0.726509778456238,0.010303750744392581,-0.11286192957514951,0.9399207300054272,0.0045911783450973635,False,513,True,0.09460593846938664,20,218,0.990552082791275,False,0.9865931602722359,451,0.6609376373434384,True,0
499942356,4492,0.07629025313971952,0.1589121016697558,False,162,-0.11832288328599017,0,0.1684703960487832,0.9880450141270609,0.006907344183915107,0.47749179364004724,0.770814381470738,True,243,True,0.24750265874764682,1,193,0.5282474789903484,True,0.6705338646421134,63,0.43741464730184876,False,1
56068,3688483,0.255725772860682,0.31945109341481914,True,38,0.6976283616060333,0,0.725135644295025,0.011974636382566404,0.43594445599773757,0.82872147854444,0.5371518578685224,False,30,True,0.03188207681422368,20,159,0.35249138881530506,False,0.01905948224739208,511,0.47131142400533277,True,0
611895065,17215,0.09534527651093289,0.04835920628554485,True,72,0.5036823323489521,0,0.8090134950712381,0.08171218189859797,0.5802026177943544,0.5168881793877421,1.0290963760450187,True,59,False,0.47375150317705783,2,82,0.7243310162466328,False,0.44523599535747804,512,-0.0007427349631938917,False,1
1600628,25800,0.08785528408368262,0.037764387997696006,False,277,0.05331110349287593,0,0.004801640493512668,0.23627666249002066,0.3374604031859664,0.1662441220418676,0.004760148498015345,False,285,True,0.8871803494933177,20,4,0.01954485661253191,False,0.020418423669272146,1,0.32447242009066574,True,0
4641055,13283,0.0737168944683723,0.16933540746909292,True,102,0.017527834148122756,0,0.8416166359234313,0.06724889306395673,0.005294799114283312,0.5004969673195109,0.5845939416289003,True,90,False,0.019897731464907368,2,201,0.38072013867431476,True,0.002555764879336517,26,0.03417063534116562,False,1
4772438,1175474526,0.043759646198339275,0.07769773266196381,False,131,-0.34362690658426087,0,0.005503857447144114,1.001504173113891,0.2967755048650936,0.5787598083175994,0.7500142764869633,True,295,True,0.04165780175291374,6,19,0.9998758216465662,True,0.0025257594528764363,343,-0.00046240107045010856,False,1
7399454,756962,0.9939930542880314,0.9799650627850541,False,45,0.7879095249630673,0,0.7830219308860084,0.04807356241198757,0.0206444695639081,0.9708632844131432,0.00485565998542753,False,0,True,0.04148968581187887,17,207,0.010412943194103096,True,0.007227863220943683,0,0.6364188726931556,True,0
557268101,4864,0.08687832629686917,0.051373073923071874,False,52,0.10282090826385026,0,0.11656756129438799,1.006493634464868,0.008922395411287634,0.833536200457829,0.7310795948751075,True,507,True,0.13552481658852955,2,160,0.0967858844745551,True,0.5075497040575018,519,0.15686239614667938,False,1
1307721918,4953,0.07250000851060298,0.16823101554365472,True,84,0.04305184030628573,0,0.007222380908717676,0.3021633394236914,0.029653955991449543,1.0107835553002456,0.004912776434894255,True,499,False,0.7725547452417671,3,136,0.8521329146181518,True,0.42396277393281656,44,0.02617754130328671,False,1
55092,17660,0.9943320600710341,0.04531092930389845,True,30,0.10424330855107672,0,0.8132586065627023,0.48492654871268814,0.09754355233599057,0.9576470020254922,0.3349580888757122,False,48,False,0.4207470783557995,19,20,0.21047415304855283,False,0.009181932960026713,8,0.8467564417503709,True,0
59166,18320,0.4318530149889511,0.629246129826087,False,223,-0.35526581797227563,0,0.015776306877097232,0.033412771259973564,-0.054359736032361106,0.4276486151695932,0.004723845607693037,False,69,False,0.8826865664741972,21,142,0.04127690793101446,False,0.012027062126345625,493,0.9917488813260308,True,0
54726,26451,0.9949426075360466,0.20686782258444406,False,228,1.3306101288165904,0,0.7388619775637827,0.5215347676780763,0.024542026657300077,-0.0009495331686177667,0.6722759304401149,True,0,True,0.046970669712847204,20,-1,0.24003606775773106,False,0.011018096203482219,1,0.7523587789144406,True,0
69528,2595700,0.23087116490586612,0.27743230169387956,True,44,0.06312296092618674,0,0.713132217971375,0.012761158397259238,0.009134396713984656,0.5726256798147195,0.8221034999286589,False,498,True,0.030425011634429733,21,82,0.22191885070790424,False,0.01091795281561597,0,0.9921992710766232,True,0
409262275,-6675,0.07452517077543641,0.03939089506559723,False,213,0.20479437385567079,0,0.1539508767585471,1.0024958959780423,0.5657299160171008,0.8443179127231963,0.7740425239294593,True,131,False,-0.03646960149098094,2,0,0.8093697044040807,True,0.48414285615538155,68,0.02338783791838735,False,1
58007,24242,0.4023298011072435,0.2913816488353895,False,69,1.1381819379823412,0,0.8665780723336877,0.41724553107820417,0.6429053256717991,0.9915178429547932,0.5728492955920165,False,20,False,0.01925729954391491,21,34,0.057028242458519895,False,0.011479419437177958,480,0.434990192921388,True,0
4753116,6291516,0.08235816519745076,0.45032119626186573,False,132,1.0966475632763732,0,1.1485577355083614,0.4051930673415457,0.37557924564574746,0.48225818351461824,0.39359199435663395,True,507,False,0.11546511012717278,2,237,1.0032569124777502,False,0.0026938139805141453,511,0.021205915508805323,False,1
391906124,38701,0.994845446425624,0.028306436802549722,False,40,0.15830552674748272,0,0.01213637012785606,0.0330576868495823,0.7504258551432818,0.8503893291448188,0.7166501588642733,False,1,True,-0.00013059234408389656,19,22,0.07817317215401264,True,0.005803945563289662,471,0.2490182965198786,True,0
58025,34177,0.4613701376250786,-0.03492150393934368,False,258,0.01191131269025214,0,0.8350410291988817,0.02900491573601685,0.10527929061289859,0.5770455767075264,0.8088182249525345,False,108,False,0.05575317304116295,21,222,0.12314940744142794,False,0.011233469432100315,0,0.26428350099134734,True,0
53822,1668485,0.9302540203344397,0.07152150409761142,False,34,-0.22714272888947773,0,0.8327976213200035,0.33494559591055467,0.09238271109494267,0.3820555196489312,0.4080378478785116,False,6,True,0.07443328646164592,21,0,0.020354154182411377,False,0.01021436731834228,6,0.9921937343018219,True,0
4556308,5008702,-0.06124384588656162,0.4416545482812606,True,226,0.0483019109697469,0,0.009107351450924516,0.17183862938866276,0.021589465318928497,0.5005090023319686,0.7120709180931268,True,99,True,0.194254495343614,2,-1,0.23513265861867938,False,0.2607914638789039,16,0.1940358385282553,False,1
4551184,368803937,0.2451382361753658,0.07904123704778263,True,208,0.05243584357101366,0,0.15679987162799525,-0.0001820381456403234,0.1978860205045715,0.5427641313035385,0.6776828060018849,True,2,False,0.2618965569587479,6,229,0.20569954010616853,True,0.47560089392240446,48,0.039997023547893217,False,1
78706,-2524,-0.11061673098930502,0.22447203461317322,False,251,-0.1994048938159706,0,0.31531152774898114,0.09929945049227946,0.8164345597796024,0.9458847240351249,0.7280799269125834,False,178,False,0.05255997687507482,20,0,0.019992871447208474,False,0.00618793644494983,1,0.9392365140352716,True,0
10579052,26405,0.30888916294192453,0.0450523478366385,True,35,-0.04238140231889387,0,1.0396020290071903,0.1209223375264628,0.021332679394812547,0.849202373801956,0.005098151632219621,False,0,False,0.8587565611617316,16,136,0.24141909903052844,False,0.011581201543470502,1,0.8477925502440927,False,0
1125212907,-6512,0.46159431593562367,0.047298480808974676,False,219,-0.1613072966772432,0,0.004975148679931627,0.37486109738868645,0.5808436659187445,0.4841364018913271,0.9325162810383862,True,96,False,1.1387604969505762,1,77,0.48162173148281295,True,0.4793397215317461,515,0.031181329816328936,False,1
1669556,37367,0.9358263401643869,0.044806057021556545,True,232,0.03683570370291517,0,0.006802181285831033,0.4349281422059871,0.3209800693565738,0.9915108571957406,0.5589109795908684,False,2,False,0.029731341447664983,20,255,0.17703582548851227,False,0.00688429942935835,429,0.22381851160774013,True,0
4575863,1301024462,0.4558212238149521,0.30114375664365944,False,169,0.9752889527947599,0,0.1345558006096069,0.2266310963841784,0.39864941321434877,0.25209672764594654,1.1700470541752748,True,252,False,0.07425018151155367,3,219,0.5629004208407273,False,0.42997313011250105,359,0.0377927445719188,False,1
1743876,31836,0.07666848543974314,0.04224105439430152,True,97,1.0866846326343151,0,0.7819749402796436,0.508875127470961,0.18538650657465056,0.8496553868224184,0.29461001555704996,True,5,False,0.9436182062540439,18,78,0.4940742801529856,True,0.011942142772921336,3,0.3039940342515147,True,0
1673603,1495908,0.31730823687350945,0.6450958877231197,False,223,-0.32776453951600726,0,0.8466738245658206,0.009187138832095473,0.005752263925182955,0.31038752507891443,0.5741569250260738,False,5,True,0.05533674369541518,17,229,0.4404804218424263,False,0.00775088519417191,0,0.1295704648555807,True,0
-3156150,532164826,0.9316468285226007,0.16102693851485286,True,231,0.0058354133143474485,0,0.03206401254002466,0.9886335873665373,0.061778798318282827,0.5075647113346156,0.7169539875576035,True,509,False,0.2515597701587443,0,4,0.8977980847350135,False,0.4703966239262301,42,1.0021256921299277,False,1
143977645,17511,0.23057758919641466,0.043292636382238146,True,257,0.4433489749994226,0,0.1437996104810504,0.03692004402086797,0.7983602238842833,-3.8122880450107554e-05,0.0046663373190567676,False,0,False,0.24347309776215847,20,0,0.14098785153771123,False,0.9859054244377538,230,0.20443408531293034,True,0
53242,2229796,0.9945984487258013,0.27178255314097277,False,104,0.15277854299073534,0,0.24973450351897336,0.03342049889280893,0.12716562536743575,0.8493578138297535,0.4217966765828336,False,8,True,0.04739373331174266,20,248,0.1280882853573404,True,0.005527407825453455,3,0.9679187238244817,True,0
54994,25986,0.15535052622014578,0.9804987994445069,True,-27,0.6931804995120023,0,0.7569023378841284,0.5196581349906064,-0.08919094141923828,0.8428911160267516,0.8657669619016569,False,15,True,0.039404729829344017,18,131,0.10428370405255322,False,0.02245666596238686,1,1.0030452206831608,True,0
1186533,34496,0.935951184709703,0.04300310990088116,False,252,0.4830979455902435,0,0.2816367372565435,0.027176649136108334,0.0074544616774870065,0.07106892808308327,0.4116474755129452,False,513,True,0.033049207363618535,20,232,0.04974543732294694,False,0.008660204563324912,24,0.0157448917544636,True,0
4464904,1118774164,0.4418661746108018,0.1604824507873424,False,9,0.06043474648703362,0,0.015029634892519022,0.9829064552179495,0.16402509107406937,0.9395651004502599,0.774262346941495,True,505,True,0.24694801902705502,10,1,0.06574242230082973,True,0.5113364171173109,67,0.9009991844582328,False,1
4523263,10949,0.06020492189022115,0.24704792877968257,True,42,-0.3344046097305635,0,0.17545523347075043,0.07768015988153315,0.08633703165355522,-0.001171672090167831,0.7142354591945834,True,192,True,0.9996336420518805,1,195,-0.0012302031588089625,True,0.002658023752706854,17,0.14360121796805972,False,1
5232349,608559675,0.24451360927613958,0.04096257393445788,False,141,-0.293881597765452,0,0.20745861020923634,0.08093476765419318,-0.0425448572948563,0.2783825951206079,0.40415908962309893,True,116,False,0.10789146830089502,2,145,0.21144939543062438,True,0.7803900333625292,513,0.020967484806796253,False,1
14489132,25695,0.46129665882404386,0.0400291104410652,True,57,-0.008168963823338093,0,0.887476136036699,0.031415532515685435,0.12521751689882887,0.949465595773882,0.005246896798740429,False,7,True,0.038920761812543024,19,241,0.44468021741246966,False,0.005948106880923211,0,0.9575509879549354,True,0
1658672,540655838,0.3177424788355239,0.9783663680335932,True,256,-0.10717686018298156,0,0.7009877495976946,0.49439600629737424,0.3437024167285302,0.9359175707979334,0.004825087393883011,False,41,True,0.05763493994005199,19,104,0.12959256920735368,False,0.23275490198212478,262,0.35774056213048044,True,0
58765,17246,0.9243100309945023,0.07724222621421349,True,251,0.3314842943580157,0,0.6537854494696744,0.060906434927588,0.028718234611436896,-0.0004270407115909068,0.4109295589939646,False,0,True,0.020119952322717058,21,19,0.02062806869537276,False,0.009195547204547686,0,0.6837982781703548,True,0
13911121,11647,0.06354881083441569,0.16498681743544205,False,34,1.3856278413107739,0,0.8301286792209757,0.022006174183406488,0.008267343609639925,0.540360275410512,0.5729770221325075,True,298,True,0.2654156657949473,3,243,0.5162787180850134,True,0.012225875244125245,20,0.028762068533386666,False,1
7992244,26844,0.2965343258013274,0.1725354768841231,True,252,0.32314516162431517,0,0.6683369233880755,0.04946845619848482,0.09993271867879558,1.0143672872556426,0.4186888622991628,False,486,True,0.8579500546180268,20,150,0.2239256479565026,False,0.22938106230426042,0,0.2255783164693449,True,0
14342613,35941,0.37830107975557065,0.041993858715248286,False,219,0.436979765428662,0,0.8009498457578411,0.01980022314056639,0.5727070360256795,0.9717450050206254,0.40238158578672506,False,25,True,0.05018288902294828,21,197,0.01664120002621997,False,0.009682425144449574,0,0.2625456424209745,True,0
5092584,10002,0.2964358762535692,0.05454499808465358,False,251,-0.0759628128057197,0,0.8387673372198553,0.21326523080976922,-0.08254578155646136,0.8263780930293008,0.8410837366099024,True,274,False,0.12022996222777053,3,27,0.01749413817054467,True,0.5182030346000802,432,0.03132630038244897,False,1
840218286,1170653307,0.0557239134069107,0.024528987713170868,False,37,0.4757468559024079,0,0.9341580914342651,0.18474238780229324,0.9271865659969772,0.4951502700822562,0.7839181527149708,True,274,False,0.2614919048627583,12,232,1.0030988786989152,True,0.018721950956358008,1,0.8962645432748569,True,1
1635324,492397,0.9325831382988958,0.018527856420506805,False,25,0.2814998596222277,0,0.004946222843480464,0.4667530603007089,0.3136300868510041,0.8358786137156267,0.41873477902726564,False,278,True,0.05735260787827169,20,74,0.41914897926697087,True,0.008421664310291715,495,0.39107028114368414,True,0
22022442,30008,0.4589536146002384,0.023921152621089604,False,252,-0.10711340439595884,0,0.8520551891462635,0.5307674778553138,0.021359158223125382,0.5719735769986695,0.005463255060755779,False,268,True,0.03240016088751974,17,151,0.12482142024970261,False,0.02028846092982082,0,0.21503893368770655,True,0
-1375966,6844,0.047719583743799567,0.1180509853111737,False,252,1.3755262440018297,0,0.22342621727399553,1.00508133022239,0.22725308751250944,0.8405144883415596,0.4243294133030428,True,511,True,0.24849486079727848,2,253,0.6648497365616213,False,0.00263416845986783,8,0.032924996073890385,False,1
1667728,16659,0.4171779060012704,0.03916283836293703,True,63,0.7821872269694262,0,0.0008973142078093493,0.011109403852005345,0.6267694363235036,0.8463411087559423,0.004798590007215122,False,9,True,0.17612839469428868,6,200,0.03935831656465783,False,0.024618464916736527,6,0.9713340419421007,True,0
56384,14006,0.45661317009381425,0.0396856268884614,True,144,-0.20773038730411353,0,0.7491565189231175,0.02041878409665458,0.1096964710748228,0.943318706001141,0.8410839920803969,False,291,True,0.2432698230519341,20,35,0.011188451998091752,False,0.018906739596033204,257,0.41001802766698514,True,0
5608358,15943,0.09143589836015903,0.9759320643464311,True,62,-0.21028749645690392,0,0.15220024040719551,0.21316675751288974,-0.03273614477675896,0.835404654145739,1.086027173790403,True,271,False,0.2487045565241082,1,201,0.47180263511000753,True,0.6510001774447903,5,0.4805777231003726,False,1
5528102,43654,0.92352141201853,0.2930555083183287,False,214,1.3744557497286785,0,0.2866126045988828,0.6495140002985317,0.5532966729122075,0.8338742276611174,0.004718355353805792,False,21,False,0.03908406582385475,20,0,0.023394402296195056,False,0.009268989091880668,1,0.991591209229978,True,0
897797561,523364952,0.3964617470262043,0.1711505654544748,False,59,1.0902457193424202,0,0.19074488008290283,1.0050295893372891,0.1264637248225364,0.4918688221963953,0.6976866929547583,True,276,False,0.25985935682149036,0,2,1.0015758527608183,True,0.28105113022076483,63,0.030408570093860415,False,1
5091219,38011,0.3489106978643093,0.7380314389871876,True,224,0.02769182380276003,0,0.018622222787049895,0.012765997034158288,0.21199940812938672,-0.0003133584825746018,0.004905496121096078,False,347,True,0.04169768071019257,21,39,0.15650962634615212,False,0.006642608017927059,266,0.3651856092991036,True,0
14833101,3908,0.4602076823551792,0.07102166382419589,True,-16,0.05890098179605335,0,0.20252140165927715,1.0036926684041527,0.06335611946998865,0.5728735249607613,0.42016151452397044,True,97,False,0.46875141999123476,8,184,0.03125913830182681,True,0.0025216060182853854,53,0.034018084258523824,False,1
11753790,28191,0.9350315192378419,0.08161751960834998,False,224,0.5641367993141093,0,0.7424917741054404,0.040137706969400215,0.141692593305137,0.8505557804296825,0.8431029947770006,False,26,False,0.040077897294812814,20,137,0.009209802820051094,False,0.007580244220967838,1,0.9010262216825412,True,0
53553,13411,0.9950899822314611,0.9789663555935672,False,218,0.4938547980140801,0,0.850602504177963,0.026952733206542408,0.32498284943629835,0.41807903507196686,0.37779563845177044,False,0,False,0.04079525665333587,17,202,0.04670607635135728,False,0.008460629918582825,471,0.7857726746059387,True,0
64181,-5597,0.9947236399443599,0.1616877169160612,False,95,1.3011388521192127,0,0.7428516985044344,0.010940138177259915,0.8991561525995995,0.8456406672463734,0.45811908068710083,False,301,True,0.031520412483759266,20,233,0.06887306942797411,False,0.6685351929771675,1,0.8254861211316866,True,0
-1947149,28327,0.9241544657027075,0.04424377238645717,True,222,-0.023567052810129163,0,0.6823084493289882,0.049181865964135575,0.3479068064537765,0.8403323783342036,0.005256791282605426,False,27,True,0.08697596005910947,18,253,0.11052011677561308,False,0.010721288956754222,1,0.8230051843658702,True,0
20455644,691612,0.0832236104732304,0.9815702486612684,True,113,0.8327748747533132,0,0.14000188212381504,-7.680344563918796e-05,0.004824574420870185,0.5715848391198656,0.3955389764881558,True,506,False,0.1830123590420354,1,48,0.9564652100634059,True,0.4729060546080277,502,0.977823089206607,False,1
1308083,-701,0.04578692948529723,0.07037040550690993,True,128,1.3227288877918937,0,0.8390462106608452,0.9841783786225613,0.020937412136369096,0.4784559418975921,0.34002254520108477,True,119,True,0.17187999543774504,14,78,0.6913432082858145,False,0.9858358226960189,15,1.0015862112713667,False,1
1668821,29165,0.9337702769724746,0.9798355615506322,False,92,0.7246900507632565,0,0.8905550353105449,1.006354144792715,0.0342337633189283,0.9639768574895838,0.7934581339882177,True,154,False,0.2033083162219395,16,154,0.17431965699675836,False,0.010370897533088834,0,0.9916898980009179,True,0
2030794,879797,0.23520933656683274,-0.01161886410753421,False,215,0.8293927800605381,0,0.7816007525452142,0.25871101740981456,0.09253728601743122,0.7209353547473552,0.0047066852332020275,False,301,True,0.01967906758675989,20,87,0.017869878707951904,False,0.009435357690571123,442,0.9039234440148624,True,0
511424945,7841,0.04772578540045061,0.42869921533162975,True,153,0.060984807413416886,0,0.21867428052919646,0.27575576873042584,0.04458980541482175,0.5030846650073715,0.7550374975076601,True,5,True,0.22911702421454128,10,4,0.9908374245948427,False,0.383574159686227,62,1.0011939849313085,False,1
1169147,11521,0.23837116761857685,0.11063613576456703,False,141,0.21988324989616342,0,0.010121990149017789,0.1890466665882978,0.02862011168738128,0.4715658077685168,0.6920569841127258,True,512,False,0.25065543143027047,2,40,0.02974482596717864,True,-0.02713942783715964,18,0.9056018825463331,False,1
-1426971,1924668,-0.1769575952224005,0.04527218428041776,True,-5,1.1036457101316146,0,0.7280168231309846,0.3996707043949584,0.08070056824310767,0.5675955001685611,0.004687417078219882,False,0,False,0.05666544187593211,21,25,0.08089930348215243,False,0.020394907220512515,415,0.9690135344385791,True,0
4916451,39335,0.2797564976461185,0.05277890659958627,False,157,-0.14828863191969655,0,0.014008852221409433,0.981849072899198,0.6954173069346739,0.8382797862227815,0.7523010620984358,True,382,True,-0.014968634155369108,2,237,0.4462354503551524,True,0.002518519461283858,510,0.03618314903731383,False,1
21364695,440387235,0.05819588140948582,0.024603465317259654,False,75,-0.21955540385166872,0,0.030019821910175198,0.6905561131278336,0.4003112364087968,0.48549714232684305,1.0877964097807187,True,508,False,1.0101026569129392,16,255,0.12483076406868764,True,0.2843815830581913,16,0.014170345555861403,False,1
3771315,1980070,0.06298425156564164,0.02629885174490442,True,135,0.05196159117115484,0,0.012489955703332374,0.037072482487033244,0.07448402154593936,0.4793707367281579,0.7828626327584625,False,310,True,0.2505863899802421,2,18,0.9505945516929573,True,0.9846503811276845,132,0.0634018448606185,False,1
7232799,1355673612,0.05748019580225622,0.07514632932794454,False,259,1.161588418645882,0,0.02691428561993498,0.46971470510685964,0.35840687288384204,0.5454153457205158,0.5697164773480963,True,8,False,0.2607124987326006,1,235,0.5214494444708868,True,0.2587595326286589,56,0.01213424055894921,False,1
474306636,4571997,0.0715209991930879,0.038608593068484735,True,147,0.06181086052422535,0,1.08331039600071,0.7105755270973138,0.008282270923502517,0.5061143940893322,0.7639542060507809,True,75,False,0.24710227193559775,0,152,0.18891940669094426,True,0.4737551018417109,518,0.2767284972271778,False,1
4415427,1118229,0.2563937076930884,0.4719028662848391,True,155,1.0314806554463987,0,0.12697225142768104,0.7916844363022265,0.004874479211418019,0.48021257082761415,0.7582629433121737,True,223,False,0.040434406248140355,14,240,0.9384364752412561,True,0.41275995317030456,279,0.9737298262269973,False,1
54499,38333,0.4830974438824042,0.025169002878163753,False,160,0.016911219649356712,0,0.005232640609569641,0.4636862028944016,-0.023745017366641696,0.5695113359814511,0.00515818305285632,False,17,False,0.04136110852928694,20,82,0.11085618727249541,False,0.010467562160778864,103,0.2600090674768553,True,0
3763108,3429572,0.45731425733834885,0.2825409722719521,False,114,0.025250643414547025,0,0.8351161146877238,0.43943232314649294,0.5897795167687435,0.5589718632522237,0.5753376859058604,False,162,True,0.8506030534783633,20,19,0.04151526527320515,False,0.009741002929933964,0,0.9697819360761859,True,0
593288370,1173353893,0.06592999437364118,0.16057381631893192,True,97,0.03889340246865963,0,0.23285018710621425,0.0812167244513152,0.35253258925024034,0.8333553181413611,0.7281743479678471,True,97,False,0.24555070108593058,6,255,0.9197439552235517,True,0.22506468811263863,26,0.9453397037843371,False,1
23118725,5815867,0.060472127534310686,0.07771765188881719,True,224,-0.09307844597429649,0,0.18968281715827753,0.12696550565254164,0.020131679340179245,0.47503465818153656,0.004607216942796311,True,127,True,0.26041291561275537,0,255,0.7680419007728995,True,0.46823039316709963,14,0.9190819348470727,False,1
1645243,365566504,0.9356308349696096,0.2284482742095661,True,252,0.4257115998071911,0,0.20346803824203855,0.1254009629971733,0.033318546316531146,0.5665075822847309,0.005421796794892887,False,0,True,0.770695283190269,20,132,0.05162903398358673,False,0.010270665227517633,3,-0.0009143456468097574,True,0
52954,19692,0.47150532975980664,0.026754453633070455,True,80,1.3208566590643485,0,0.7824606040492392,0.48074211254496035,0.8683293817164885,0.30087998803432725,0.4091393882827892,False,21,False,0.17680820740789716,20,222,0.009536671082872228,False,0.015191366685491453,5,0.6808286099260552,True,0
56074,-2303,0.4564550920502187,0.04216132048199151,True,224,-0.26111109439840907,0,0.8594702943614366,0.6867415260562156,-0.1436197453310114,0.8472917717779447,0.573038721055745,False,17,False,0.042123675650819925,16,216,0.4811121523962627,False,0.019411752289113317,3,0.9904620739497754,True,0
532865518,2799,0.26355431614549063,0.24808814036172971,False,131,-0.13100992453103488,0,0.8743164020681717,1.002307241716437,0.8744583290118295,0.9016054101452953,0.746451288336937,True,2,True,1.017586406974778,0,160,0.5759996999541368,True,0.46742261016607267,48,0.91054738483886,False,1
598640590,1588218,0.9948331322560432,0.04404904166405893,False,226,-0.03587611325762807,0,0.8739705182624402,0.34173096966266475,0.14327725199447658,0.5720774010924701,0.8095308153577804,False,3,False,0.05628737200952938,16,108,0.988874315976053,False,0.010632190900939028,1,0.02206187033287053,True,0
1577568,34123,0.2299648068555351,0.051958738837949485,False,75,1.2218981663779316,0,0.7652404568129357,0.03111209736401678,0.0097205119035976,0.9497097366837502,0.005161993570601333,False,9,True,0.028610252925085056,19,2,0.19949681356443805,False,0.008231078701956785,11,-0.0001427680931409336,True,0
-173084,13004,0.0452734078849376,0.04537986311782312,False,117,-0.02403100527254709,0,0.27775983270811755,0.457421370644038,0.008811604868541052,0.5807401308543303,0.5794658435918358,True,255,True,0.19327775486247434,7,255,0.9367913485743651,True,0.9966801194897664,53,1.000546604122582,False,1
991425803,54999,0.35068135059711025,0.29029803991303066,False,252,0.5324162863436893,0,0.7669686789358662,0.02058501760866197,0.12009842463061923,0.9509049813135877,0.005039628052938324,False,13,True,0.055148245444664776,20,215,0.837402759519115,False,0.0095371708508295,104,0.9506975499841548,True,0
19133250,4436,0.08702813219975973,0.2588660214229807,False,215,1.043027121658598,0,0.01031415218286413,0.29767681036196575,0.16997762809828554,0.47228924193011845,0.7537274471335271,True,506,False,0.2520085494327731,10,228,0.5715797505712142,True,0.7385563027846828,46,0.8794272800932208,False,1
4364674,3162290,0.05923880952774765,0.10251278095942555,False,161,0.9312951684063473,0,0.0009528739860830138,0.23603929793297745,0.020197167032809448,0.47287057700420077,0.5747626779496146,True,228,True,1.026401078764173,15,227,0.5231056163002189,True,0.664360347710853,42,0.010207588057141136,False,1
-2829805,2303,0.08852246361628174,0.16213342092699945,True,93,-0.31615693253242505,0,0.9690971912083135,0.7324449983539586,0.13261183456921655,0.840868311532526,0.7861702225903673,True,219,False,0.19780900190274994,1,137,0.5185993982702195,True,0.47084934961466685,29,0.013901013731142758,False,1
494711454,40703,0.0551724244522867,0.06947092920970971,False,223,0.7822400766183877,0,0.006775716575687554,0.04424225531099553,0.1246650979012013,0.8741844588241383,0.977533589513311,True,508,True,0.23891329918891424,5,230,0.7052122932951821,True,1.148042127067136,52,0.948434740353452,False,1
4363401,1254104,0.10053835030857868,0.08285484073219535,False,157,-0.14081456057216557,0,0.8368813231008079,0.9852291205355944,0.004861494630188862,0.48397081065975,0.7746560766131643,True,70,False,0.2215990069687031,9,255,0.5158760220668144,True,0.6590387562036771,45,0.40232049718520746,False,1
1584950,18406,0.4141375693844622,0.12634729324576002,False,20,0.8262507827203738,0,1.0188825321773312,0.330762143165222,0.7945733331804425,0.9911573114532192,0.3736564718085293,False,2,False,0.019657847158024374,21,0,0.1797170545454277,False,0.9862913761938812,430,0.8240380689144896,True,0
56922,1107361317,0.4187718344715087,0.14161270490171624,False,103,0.06937091329322653,0,0.7022240250762848,0.6810751112215663,0.08612918548550269,0.9906907166001548,0.004794472727252059,False,0,False,-5.8027995764800265e-05,16,76,0.05339960600852865,False,0.011783490769913942,3,0.907800168666778,True,0
1691540,473016,0.4352613116850308,0.027247046416327886,True,106,-0.023112475994562676,0,0.3315364130153803,0.6408192580916965,0.2990698953469885,0.6792079811181111,0.7688467238457083,False,2,False,0.16577165705668828,19,20,0.020686746048051013,True,0.010584288019915605,281,0.941475100734219,True,0
4194434,1216311734,0.2583948558292965,0.044137986859983255,False,142,0.2870201355272718,0,0.00988378599756137,0.2688882300929076,0.005114331261444498,0.5011898184017142,0.8066666763449959,True,499,True,0.15628998601454938,1,250,0.9730264656572919,True,0.5016116348936802,517,0.02744335252862196,False,1
628013922,1785,0.4378361037333873,0.2323664375113154,False,153,0.21248600994210165,0,1.0462447841211708,0.1382463830145216,0.0059059024639191975,0.47570343010099314,0.7138412412743148,True,103,False,0.46716642678917925,6,213,0.8684536935638738,True,0.980377887609393,15,0.27470581916138576,False,1
1687687,28472,-0.001042800471098615,0.04019396465338254,False,95,1.1141998070141135,0,0.8334626176405545,0.012429518981005163,0.021740858673721324,0.9914991931468102,0.41901441380895654,False,42,True,0.05294235188418337,15,236,0.9243223742188384,False,0.006728170992554141,421,0.3125930153682089,True,0
107162254,34278,0.9950298648774631,0.027961401872745754,False,227,0.2811426390205683,0,0.8244694675424795,0.4689495152366638,0.004150182639596455,0.04358463943122609,0.4018962976208053,False,41,True,0.19830810042926658,19,148,0.029350873303331686,False,0.009742424930144825,188,0.8774528960546526,True,0
1314690,27267,0.41362291316628363,0.6919761640018617,True,252,0.49343574100757503,0,0.27265499458689024,0.4140278145962238,0.12174134988382115,0.8478596486108805,0.7702123433393474,False,14,True,0.9785474591147264,18,218,-0.00045481790297350006,False,0.49723937823695286,494,0.12850161649657105,True,0
3851045,6012544,0.29184398079631263,0.2796466955390525,True,119,0.759555742932158,0,0.02801453844270842,0.37337247404313695,0.28827839860968274,0.8757756144996803,0.004608526626559844,False,62,True,0.05203928897218665,20,37,-0.0011068128875907184,False,0.008424558639193612,24,0.9888865700691583,True,0
1207717930,29436,0.06529512484512912,0.21759704011042624,True,72,0.5097532371586918,0,0.004934771944815127,0.010556966729637615,0.36410121152555575,0.8479625123670487,0.0048582411888613035,False,6,False,0.0728558526211661,21,24,0.10783041501448702,False,0.011642735844587021,386,0.2360777987238457,True,0
1226323187,1179282377,0.30442734580596165,0.07768205147112665,False,168,-0.16399918456061402,0,0.03353305980577258,0.2390877726733792,-0.07290166689308775,0.49213810571658345,0.8018576382912876,False,192,True,0.7863069428316498,0,75,0.8084375752250358,True,0.47454927781026907,29,0.02732001787370508,False,1
1583701,643417739,0.06727573202112616,0.29231888593794886,True,258,0.6791407427096015,0,0.7044365898301698,0.0576034290510187,0.41809184294320634,0.9720553481720315,0.48410426639841775,False,0,True,0.9177957254415255,19,15,0.9209487832022772,False,0.002657922601043641,179,0.9328859082887188,True,0
5706828,363222204,0.037326639135533156,0.069782689172497,False,45,-0.2010363233449357,0,0.17646143234304557,0.13402262564470638,0.009279853477590073,0.4824927654163008,1.075907409961538,True,511,False,1.0278023775074203,2,256,0.10555304513507417,True,0.9072264230809796,29,0.02788345369613148,False,1
54447,3444627,0.3057565565284416,0.07801431675383304,False,107,0.5260392180255302,0,0.21449933691928066,0.4192597351099052,0.33293409181587674,0.9388711348742733,0.8060976657547796,False,510,True,-0.00013256107397040874,11,76,0.6088644255035253,False,0.02244882778733963,0,0.7501422196634837,True,0
53056,546533207,0.4330397881467065,0.04446140296732551,False,2,0.8356576064018608,0,0.7480124510595245,0.5413719260635895,0.132964630247129,0.8395785773593634,0.004946642566109185,False,501,True,0.029263076793275555,20,59,0.01762074923207521,False,0.01012880518696902,0,0.44676403099498263,True,0
4662400,1208561011,0.2878967695458133,0.27987961630576336,False,220,1.0991902951883825,0,0.022044521776335962,0.15558350501744908,0.4599456934345453,0.5161685255461862,0.7198131765456279,True,479,False,1.1675800621445305,2,3,0.028832018439972077,True,0.6735631597577039,52,0.05355336348339615,False,1
8592215,71508,0.9948419371591214,0.05031168796549353,False,-5,0.5298295574089664,0,0.016035091839448557,0.034258012740193564,0.055162990289703645,0.846692121735177,0.0046059472894071345,True,104,True,0.8311955975435164,19,138,0.29303639588824515,False,0.01989558462444531,5,-0.00020375170291385108,True,0
155451061,1219285524,0.2979472548624647,0.05595244029288601,False,-13,-0.27615999003950753,0,0.023492251248226462,0.9896459024528282,0.02489187823919243,0.4723509177236769,0.7749165046247944,True,270,False,0.24576343134192882,0,242,0.7034598679714485,True,0.2085302755476946,506,0.3791847446706863,False,1
10703794,3504618,0.33411674830282045,0.47182795419635487,True,33,0.13417991197591134,0,0.32174215094758113,0.06066192543369829,0.021220573988329945,0.49732267996677804,0.570503747729915,False,0,False,0.03132339677754221,14,7,0.0827023660680125,False,0.20967027018845658,0,0.9405761482805284,True,0
4108857,26810,0.9304623232696433,0.9807054091808733,True,224,0.26439141967402746,0,0.7796235696483836,0.012943923230510634,0.5584894281465143,0.8521097974575493,0.6997201113435041,False,21,True,0.04836363746926273,20,151,0.22412394092401688,True,0.006539103244214823,0,0.6967673240779988,True,0
21929267,38558,0.427472565380802,0.01589208165231415,False,39,1.2724150646561598,0,0.7569681440190069,0.012420033745805864,0.019919719426680776,0.9592028420571752,0.4589169820120903,False,17,True,0.3090326754303081,16,247,0.01035252611916934,False,0.008365367933583615,0,0.9129990821103385,True,0
1229810,14122,0.3230597008385433,0.04396659099067762,False,34,0.4538317980848259,0,0.7395392247299952,0.04108568348608287,0.07821015823570501,0.8497876822258487,0.6603438215808775,False,6,True,0.1039913571722589,21,233,0.2332878656571734,True,0.007544556846728166,1,0.9919718945628143,True,0
60115,26297,0.9943920987900623,0.03797451187869426,False,96,1.0957062078678126,0,0.6716137458314546,0.3881880631363739,0.12294719956564311,0.6091562002904196,0.8412959028107173,True,503,True,0.2274077447275778,16,19,0.18987646987857937,False,0.008322621171788716,1,0.45204499723253766,True,0
1705848,28548,0.422601414326803,0.04244048348635539,True,215,0.11708399432693373,0,0.005061354091133907,0.14938569642746005,0.22053042808437642,0.9463050545639754,0.004813719121774181,False,301,True,0.054000675629471875,20,250,0.05077362458963554,False,0.009435995531634777,1,0.727762047839724,True,0
4841906,1130759888,0.07252609156264438,0.20195572434230957,True,114,0.32194938645894383,0,0.8379880914410883,0.2523535243096118,0.006031678378075468,0.4761914463118948,0.7222728740329203,True,285,False,0.2523328028900961,2,83,0.9431015848812772,True,0.23589518268337023,47,0.05616235013087982,False,1
3788955,400379807,0.44892771639979656,0.07323886747914361,False,163,0.7611259371225768,0,0.9599988707860705,0.13339645418476753,0.027012058937227672,0.49616345157795183,0.5693938547357618,True,247,False,0.2465709395578112,1,76,0.47132140052164834,True,0.37717011417087276,5,0.24015356454003486,False,1
1627523,39453,0.3315967620314709,0.035910379738208986,False,251,0.1362488859295673,0,0.7634017337759679,0.8207586308010817,0.7219389378199904,0.9912179134242013,0.004858925508050768,False,0,True,0.06275153879929232,20,55,0.21189505834606265,False,0.00965511234283457,476,0.33449873384347456,True,0
56454,20799,0.45946167409262184,0.6526529679228371,False,64,-0.3412198356992897,0,0.2707199488235895,0.4857622195197855,-0.03959995751164619,0.5531407050497124,0.7700334791147478,False,6,False,0.09176447687589247,18,229,0.07746953125956232,False,0.009709647039353958,1,0.146991631766546,True,0
1239567,-1974,0.25896901515963566,0.31813810946089377,False,227,0.06200403884818817,0,1.047489397539454,0.037446151100045046,-0.05309936666708026,0.17680652914097048,0.3502494559964595,False,128,False,0.05077660945510158,19,200,0.05146424709190611,False,0.009005511574783125,1,0.7690486759721162,True,0
54411,2253793,0.3046954411774753,0.2771311255105701,False,144,0.2099555608021389,0,0.7033514172240569,0.010690652340777894,0.07688288332980857,0.5676383118245673,0.004675587980290405,False,46,True,0.01973258182775454,18,84,-0.0009352257213565074,False,0.00900000831839092,48,0.032534427584709286,False,0
1583314,-2792,0.3181435187230679,0.04409605021037884,True,233,0.2439589986535028,0,-0.003561790909744303,0.18546032666027945,0.18283203603742476,0.9915823209141617,0.3783833583663642,False,298,False,0.03889164767675314,20,76,0.4799444601761978,True,0.2594375014992707,448,0.2547707858635457,True,0
55292,3478174,0.06382833810946797,0.27304997062127007,False,229,-0.12412265381636023,0,0.024687409684932167,0.012197899810047864,-0.11827106922886033,0.8454352135019992,0.004770809696864997,False,20,True,0.0902664435183892,14,80,0.04797510071978106,True,0.010181650402353084,8,0.21638497565253492,True,0
16590648,3463028,0.15847094399615447,0.14751843495413286,True,106,0.06367054761660551,0,0.8883325796712597,0.1855095086756337,0.033532861632095554,-0.09019662593346212,0.7909236627786614,True,503,False,0.2500842885413084,2,0,0.8868425843446475,True,0.002524733746819063,46,0.0098445987407225,False,1
1213699,26604,0.23669783122019444,0.04435410644490856,True,2,0.5851508143326714,0,0.17268882985646566,0.4493361966826187,0.37415668970695093,0.837689803421107,0.41500674265786613,False,53,False,0.07575892625186627,21,46,0.47546302476382546,True,0.011937588819471406,357,0.103356663006031,True,0
1279281,26454,0.9344987930520395,0.08113545100592837,True,-2,1.2701423170640407,0,0.00696062959223076,0.046172288696580896,0.08628573351225556,0.9292475486244675,0.00470923335498753,False,0,True,0.03023595064178774,19,199,0.3998868364292008,False,0.006701567439504805,27,0.9057804208538229,True,0
1204622,3918819,0.9943521285055318,0.18528086273205657,False,231,1.0069202671827364,0,0.7698691981103182,0.07622622500953362,0.05313002574937789,0.9448315059287719,0.7274721494309588,False,9,False,0.04353399430939861,20,231,0.15082203913733916,False,0.011683790546578152,1,0.07527745775456207,True,0
900741248,25966,0.9949946575262159,0.1731052299838928,True,224,0.10527439779537295,0,0.8750300523710958,0.040414746475639474,0.12584771067937336,0.28778424828852167,0.004619821242415752,False,2,False,0.03939814212410364,16,31,0.23086356549666154,False,0.019935675640596937,219,0.7322971038155515,True,0
4620019,9008,0.24237842085454478,0.277923925936633,False,2,0.4716655089922151,0,0.8397799750876813,0.9885408421230268,0.005139473653079586,0.8928816469957537,0.8400305423530274,True,81,True,0.1274445182486087,2,94,0.5968395139375327,True,0.20713090253974886,92,0.013529774311058064,False,1
55400,42603,0.3776426716726705,0.2016933799045443,True,221,1.0326404471318882,0,0.6818853407189014,0.046078430790311035,0.004944169828897593,0.8398971424320328,0.39349818640995476,False,34,True,0.03097065994450431,19,229,0.5020309276639087,False,0.011958109047208306,35,0.991814997682822,True,0
17631864,526398153,0.2714008841297604,0.025187855965789218,True,253,1.0724861147585918,0,0.009068894941644976,1.0066494266743942,0.004726622602834682,0.5021813546704986,0.7168929571652665,True,360,False,0.662031345296525,2,55,0.6194303115252069,False,0.21700039835150767,7,0.0646373743903243,False,1
16754185,4746299,0.06345031672860978,0.28289109776870736,True,77,0.20943947346882258,0,0.8668762960634985,0.6877264505844914,0.6546417261950148,0.30895287129721094,0.8425430030584803,True,2,True,0.11890155122564183,21,19,0.5090678350950854,False,0.022122325348339106,0,0.9486843937687751,True,0
1000810266,90,0.2693609074301832,0.6886571052556437,False,92,0.5618158997717405,0,0.027910049664508253,0.10397009989017425,0.00473543992151747,0.5019280331439171,0.7866607587535299,True,513,False,0.24962168242227178,6,144,0.3449412827108061,True,0.47546225590820795,506,0.028214259023487093,False,1
24877402,16573,0.0858291743053959,0.04278447405623157,False,252,1.0844990243224566,0,0.005943931921512241,0.03583719605012081,0.6770923361703104,0.643852696302343,0.41420307094460934,False,37,True,0.244578414883056,20,134,0.5126998574070166,False,0.01149666933437785,0,0.7400206965772548,True,0
83526145,35229,0.2787462845827963,0.9794690655329922,True,252,0.7951587407541606,0,0.7912018636591025,0.07526476998108228,0.004568829125190881,0.40705656475996355,0.004872102528507421,False,5,False,0.04887378502256125,20,241,0.2229595905419992,False,0.009006734025564157,0,0.9621863399745088,True,0
4726586,7657396,0.0963114833424839,0.16798140774463172,False,100,0.06897289364203091,0,-0.004518518069910243,0.18969765614939121,0.022835043818675772,0.9140770396034562,0.5711376153417862,True,270,False,-0.014655273973269614,15,236,0.44965478040099616,True,0.4750336396371496,44,0.04586834826498725,False,1
4707793,1167733923,0.2629255402159856,0.05996467458128493,False,105,-0.05531338088939164,0,0.8409520719376751,0.03972343674337908,0.1677428027777756,0.4888023001549343,0.7223668865524977,True,284,True,0.14359162315112967,1,252,0.5207156444133326,True,0.22791730385461284,391,0.06371071855767815,False,1
4501711,4975815,0.28194516944401843,0.6494695853275874,False,31,0.919290601752468,0,0.0053780112763847365,1.002444519409821,0.022632475581805568,0.9913370201516408,0.7691211793319748,True,505,False,0.20353304540276282,17,191,0.039701166633633496,False,0.4896102353279115,456,0.3755536139417124,True,1
18511270,1452614,0.22555487103313543,0.9802401909346998,False,54,-0.3611525077672538,0,0.793079066974661,0.1305051020726315,0.004927212106762904,0.49456307531417176,0.8480862879426161,True,514,False,0.19683764398047698,1,39,0.9788769359977315,True,0.7760863474068032,417,0.3016600350087682,False,1
15788121,15296,0.2345874476968831,0.0444330821351389,False,92,-0.1473535474601787,0,0.8638622591204241,0.4740800793067024,0.07707256863183592,0.5755745600575073,0.3961451491743715,False,330,False,0.054801053942646144,20,16,0.03399369423756977,False,0.006652038119338196,271,0.9915515819936433,True,0
1354157,1875,0.06313288042665631,0.07224682022236512,False,126,-0.06734700154915552,0,1.0360376321891975,0.12902001238105146,0.006769345800591798,0.5656528936577555,0.5723035050830896,True,275,False,0.04853242205272907,0,230,0.42946233287016616,True,0.35921170240352085,508,-0.000377965824726503,False,1
53199,30921,0.46005560076234825,0.015317120007613094,False,96,0.24703095123163876,0,0.8264191905580461,0.23782437082675953,0.26230224362789056,0.9561049380427533,0.004855461231898785,False,9,True,0.05913711511646623,21,32,0.042062892248455004,False,0.9870865144763348,428,0.1347664738439546,True,0
54710,37717,0.10058363265305725,0.9809095951955825,False,49,-0.007455115975850357,0,0.8491728087145913,0.0403425991596591,0.02710482484004424,1.0240739310275822,0.3504668210143188,False,285,True,0.0937344379446009,20,0,0.10911074091358791,False,0.010989694501485441,0,0.9917172059953129,True,0
3447711,1195277,0.9946330878806136,0.9786204573629792,False,252,0.05371501413312235,0,0.7779489781352928,0.5426911468059409,0.12564774753226457,0.9574343247275164,0.8002534918280952,False,14,True,0.2508731714558449,16,129,0.47328997891499736,False,0.00829809875257791,0,-3.676946903531953e-05,True,0
53129,14430,0.9342558801617789,-0.07522973532854194,False,10,0.6652170352432908,0,0.005889554634817238,0.012231357788478593,0.18988110970419936,0.720007445863933,0.005092548084365356,False,159,True,0.039479744359757485,8,221,0.3555000243238001,False,0.008113723184504045,450,0.6344699610877322,True,0
8680865,29218,0.4186129178167177,0.24850040897886783,True,212,0.8438136066597939,0,0.01864926679412878,0.026386801218581946,0.059664602054440796,0.3544837562113709,0.7033986785940636,False,2,True,0.8136683968023919,0,157,0.8117067251062073,False,0.0073832121491686315,484,0.9836095414932005,True,0
-5191390,445683,0.24767083285490968,0.15631002597900237,False,253,1.0405396278977497,0,0.18385118142564638,0.1514156248106131,0.1700852244180614,0.4875558429819292,0.5728863153757917,True,302,False,0.2599757088960381,9,85,0.632903107213852,True,0.0026115779973055787,470,0.19863823299208846,False,1
467158718,1172641639,0.07782933100029035,0.4853286639614383,True,125,0.0647016189885774,0,0.8423314909291404,0.08650422381415208,0.11760557453148592,0.5112253855854553,1.0402557746210113,True,293,True,0.2177022193566824,1,255,0.35821644028837596,True,0.7561319757887731,496,0.21951385151977224,False,1
424224304,2416,0.45907761066434793,0.22011898718764936,True,46,0.08809799076522012,0,1.0051681611744776,0.11323423360682223,0.004896706167351313,0.8477815767912508,0.5739384641166819,True,295,False,0.07837538381363501,10,239,0.4709354849173516,True,0.01681939469929844,28,0.02834068907698801,False,1
846295719,1333787246,0.9944037021048032,0.060938609770673995,False,0,0.38423762862133837,0,0.8226702981057105,0.023746874344923792,0.7938739247928659,0.5783670247815823,0.5146481146282273,False,45,False,-2.6948215309606644e-05,18,0,0.4829967540185218,True,0.022169270307310904,314,0.9915143875016051,True,0
282117617,6736868,0.08194087175727299,0.06928686952460307,False,0,-0.1500285823174078,0,-0.00709423502369852,0.7884008826207621,0.553234655251515,0.9171872654629268,0.785390869907536,True,508,True,0.24964012304671604,3,8,0.9934271011753532,True,-0.01939259288424572,505,1.0025129031050921,False,1
3931155,12711,0.46043163911600077,0.19559562321378407,True,148,-0.3330878621197353,0,0.8979996895311473,0.9998714003571434,0.4944829071585144,0.48545822409204986,0.7233747855331998,True,512,False,0.26339679806688965,2,227,0.023529497486086542,True,0.657581111206295,502,0.978186936246732,False,1
11165233,1662593,0.9947349319064878,0.31965376987229893,True,252,0.029630369782089827,0,0.6667172715648523,0.05997541376835377,0.10070570936907305,0.5713957566594774,0.8383061382003739,False,0,True,0.03272796878470482,21,58,0.874715175179041,False,0.9231601848609753,0,0.10248808804791443,True,0
622935336,452050490,0.06702476935198345,0.02199465333801076,True,-6,1.0681574137782177,0,0.24656467038770896,0.12680717726957078,-0.003965359998811868,0.8289677317470615,0.7161330375286271,True,294,True,0.5382196114606168,16,15,0.5387956041580332,True,1.1162704968538113,3,0.031203720583074405,False,1
1581283,39876,0.41533349832633704,0.2891483863918023,False,249,0.06200359828956087,0,0.8358713430209832,0.05946069394226127,0.051816461786327234,-0.000593791788072834,0.006078216595896972,False,368,True,0.20180902744342966,21,9,0.023949147499388184,True,0.007276536557163581,453,0.2972263912805476,True,0
4369939,9908,0.08991450575639945,0.6509568070103229,False,75,-0.017550433008373223,0,0.014383226204783056,0.9906817943111553,0.005094022170173557,0.8286645068198976,0.7331350927429039,True,504,False,0.24875224251982775,1,10,0.48282832319650437,True,0.926805094012761,62,0.2832523618698556,False,1
55609,32827,0.43314225695991937,0.043327921968985605,False,252,-0.14798780925581512,0,0.005067965023608423,0.09917152503295346,0.002910936647704244,0.9908765090371626,0.004877877324039266,False,2,True,0.03099977592136985,21,0,0.35111050629906704,False,0.9868205518078871,145,0.9705007027619981,True,0
1922970,1709691,0.9339496231274974,0.9813000972399147,True,39,1.2065019280632825,0,0.29309117679072816,0.04003545275511125,0.10008085739362735,0.8511755304775424,0.8318379805462821,False,0,True,0.07973246666039187,20,230,0.6601580587867987,True,0.02324874892472121,26,0.07175147677580009,True,0
11321819,27406,0.42886383368360137,0.02428366334520813,False,66,0.7590994991206921,0,0.6612809673253595,0.08091273520955439,0.33276701282198023,0.034333402439418514,0.46364012065492277,False,2,True,0.26067949483860614,20,254,0.9170975135684568,False,0.01085612007608842,500,0.3465999602197684,True,0
378152616,4511,0.07651736335771891,0.13554708657105088,False,70,-0.13713557364276663,0,0.011952856248072536,0.1532250267888357,0.8748628381929568,0.5162246998633919,0.7772270086147508,True,369,False,0.25012095592908906,1,138,1.0030214506847783,True,0.020803382385160774,34,0.21693660749481736,False,1
1752392,16964,0.08452389946767523,0.04230499042917957,True,252,-0.2798662824738737,0,0.8178266082861562,0.4631071038362205,0.021178125145547816,0.5736863315501965,0.0048244608079805705,False,0,False,0.03109112590829247,21,174,0.24903251003033822,False,0.011166112209298354,452,0.618378249951427,True,0
11684703,981158,0.9351546895375797,0.0011055593803812602,True,75,-0.36886569360245014,0,0.8314974082775722,0.05628839527481834,0.00463997037009456,0.9820901204677788,0.5348373287840668,False,404,False,0.17457105155047067,18,23,0.051800942785740725,False,0.009849530741270693,256,0.6551819817346959,True,0
497094370,430883,0.41940203652522917,0.057398148404692144,False,71,0.3413808273516622,0,0.0035246360855909764,0.9907433682737083,0.06756079239743124,0.9606824795537018,0.7179985714158479,True,57,True,0.24654703430438496,1,253,-0.0006395186514215406,True,0.49993116872324894,28,0.8055875925331867,False,1
1813210,14287,0.414998329195576,0.02505099560389458,True,258,0.4908578968748511,0,0.7990052754078987,0.012752520782788707,0.11121332780284504,0.5670419879324478,0.005290817553571741,False,21,False,-0.00023644115535142118,19,107,0.1712139539651535,False,0.011372333841141566,310,0.8192957012387143,True,0
4831717,6456246,0.3092972610217382,0.03880852450529953,False,0,0.055110022868919195,0,0.8172003134267806,1.0001590711000632,0.005186546635428122,0.5500501736537057,1.0600547126391455,True,513,False,0.11570575043665488,3,235,0.8879818669377697,False,0.6733335263688971,41,0.4321398127568266,False,1
1629474,31763,0.46076822987072313,0.04466814199950016,False,228,0.056630879254251365,0,0.9107484797003602,0.06634271679530322,0.5444149252943136,1.0077494767313044,0.005186673084229378,False,66,False,0.049544468779320304,16,210,0.3018678071034039,False,0.009737511647162259,21,0.9916020548110136,True,0
15185235,28664,0.28809791204010277,0.05316831877707809,True,84,-0.13695056861932908,0,0.19205443336385958,0.030173552884455005,0.0046857741173826,0.5463001406795792,0.9703907664465978,True,509,True,-0.00025645094682650096,2,5,0.05936783545743629,True,0.2857832117985598,3,0.005893583600227775,False,1
17410357,671619625,0.08485468937617742,0.3873385632803003,False,131,0.032232941266758186,0,0.009573869937198099,0.03916318599491076,0.5525430934868738,0.909266621674908,0.7735913562973362,True,10,True,0.13775446709101313,1,250,0.4782258127514948,True,0.47209386093327904,39,0.06778417365460973,False,1
964989056,6234763,0.09621161567464837,0.07432157017424551,False,230,-0.09166047671585142,0,0.19852738897954517,0.21919507155886797,0.428838551268019,0.5120374041382081,0.5745076488542433,True,90,True,0.46211747899258937,14,83,0.9174111520810367,True,0.6287429607571557,46,0.9428618406219006,False,1
1585800,38845,0.24835873618659876,0.023040002844925748,True,127,-0.27533853896022487,0,0.2715171662870166,0.17786971331722348,0.019922337474118743,0.23210585791063976,0.5479062408926969,False,26,False,0.8115936460597154,20,15,0.8236888001941569,True,0.01111684491723643,415,0.7408508655788422,True,0
1385973391,493630,0.07390283261233932,0.18142004257302702,False,-17,0.0667562046630032,0,0.026961141519427093,0.06186104778494197,0.004909721141432101,0.48252191488010177,0.5398981440873805,True,504,False,0.24292538607747177,9,89,0.5191138414512195,True,0.011968181609318507,504,0.22670282820970836,False,1
54511,16899,0.27923650493125235,0.04469582768675704,False,224,0.3759370386556138,0,0.005466249303418666,0.4211379271516235,0.12967110085374803,0.849035090956262,0.4022385350661635,False,41,True,0.20866286639592574,17,32,0.04473099762827294,False,0.5100229778404574,63,0.01488779280198092,True,0
3604371,39741,0.32166922324221103,0.9783685477435977,True,215,0.9396249384727448,0,0.28841134084885095,0.4462108949041335,0.08403237141465343,0.37330066339490486,0.005250234075481752,False,4,True,0.0480471123289443,21,20,0.3074115352538804,False,0.008119314570017909,270,0.9903155717513673,True,0
4009756,37108,0.45735609880107314,0.02630818528003533,False,221,0.6687211009514527,0,0.7669458734080794,0.01939825654857258,0.011134585084704557,0.8521521908023542,0.004775965394321105,False,1,True,-0.00036097007035160736,20,240,0.04491367434470843,False,0.018718751310356118,1,0.9905871026017007,True,0
4573674,13429,0.04517559643915606,0.16397997461144648,True,81,1.1411041966116553,0,0.013972643073140901,1.0038628432462084,0.5722982064723353,0.48897349402593004,0.7481473873995137,True,499,True,0.2643986363552734,2,255,0.8344356480307366,True,0.7306782578356698,520,0.9484203480144507,False,1
1211218,-2510,0.3626333356279965,0.2939362246628955,False,68,0.053220986960015426,0,0.6505894953052425,0.013586885385042444,0.12065506472195889,0.9914283849593702,0.004728247381147424,False,38,False,0.029679300608937115,20,8,0.21559121205325057,False,0.005703874023595664,476,0.178079173532666,True,0
4434296,-6676,0.31635286131755813,0.13961114376407266,False,136,-0.05913215438168806,0,0.866644336289177,0.3801243390978647,0.5438761812217048,0.5717960485482292,0.5866526575553883,True,86,True,-0.0003516283281635912,3,238,0.4843456829535926,True,0.5091251653242959,52,0.01677978128703065,False,1
17806022,20073,0.9946487418988998,0.2872790714637509,True,133,0.6664770021203416,0,0.011482209180231774,0.5538724896558317,0.7719046374291414,0.8424444481483463,0.3821675933845419,False,61,True,0.04300209205242696,20,44,0.01708926609907812,False,0.008464130441237738,1,0.9485424387705067,True,0
9404113,45380,0.05846986627225909,0.9815786029637409,False,272,0.6681261747468263,0,0.22424681868170354,0.3943557090719786,0.13791202751224024,0.8442308519829035,0.703363695798924,False,7,False,0.11650309476813439,19,13,0.4334422862950813,False,0.008183267617809856,0,0.7272341142994663,True,0
60033,11741,0.4561141350618028,0.5342133292448498,False,252,-0.020262154541046407,0,0.2966038261479099,0.42751175194266167,0.1201082437429109,0.8350265641288295,0.3816902191710879,False,277,True,0.060398215064470996,20,250,0.8473001801920645,False,0.009312180202620118,432,0.9544312439198382,True,0
5225759,1271166478,0.06562747424058077,0.13596924021378037,False,264,0.043364352687271845,0,0.2246865484320655,0.9874367064520457,0.005203241554037525,0.9913036120741978,0.5695280589625455,True,510,True,0.2633167435766525,2,179,-0.0007851701346456157,True,0.003557696407861105,516,0.8962257786923178,False,1
22620329,13211,0.05900246917192014,0.25441428548447187,False,223,-0.16020237435496076,0,0.6558696038502977,0.2089304635200328,0.004751931435899681,0.5649745725733315,0.7729869181129858,True,295,False,0.25986093225960594,3,183,0.020227059593382207,True,0.21092371835613383,41,0.37903849089534497,False,1
4556491,6982,0.0800022660922335,0.07266510462496067,False,49,0.4288068706073791,0,0.8464007929090487,1.002764238504643,0.004905678369704492,0.4806588530269965,0.7790452917630335,True,169,False,0.0846423359427469,2,18,0.657097424035433,True,0.20364073626953855,63,0.019784744422352053,False,1
53750,15732,0.2738499431103243,0.1466376860340333,True,51,0.5951890005851996,0,0.004952294517193501,0.528288830508455,0.12647111166929254,0.8484687594547836,0.7822945161216472,False,14,True,0.03925249063015866,21,5,0.5134682896537105,False,0.006890599056092619,5,0.005175050933795741,True,0
646303704,44572,0.9158956425081397,0.629340243433363,False,94,0.857713983539363,0,0.7654054999782833,0.05487844104560238,0.12941028745289374,0.9914428697111608,0.6063595867104489,False,35,False,0.019237569007822856,20,76,0.05507610370597346,False,-0.0014768122852170384,1,0.06000659818987973,True,0
61269,13701,0.4389467121698355,0.04818162553213543,True,215,0.9736552137370407,0,0.6684429982789091,0.4881485233485178,0.13740364876860284,0.9849987067610522,0.004751612425413887,False,30,True,0.910787072998797,20,30,0.09554313160907961,False,0.007665324612137409,0,0.9606536651973503,True,0
1691378,15334,0.9295325379225445,0.6192493824470935,True,-21,1.40601691095396,0,0.894762266904102,0.9863491685945542,0.5733720923212696,0.8480341945019396,0.4862311754950124,False,174,True,-0.0016748927847418174,21,254,0.43060241146140504,False,0.009598057780445608,305,0.7555203352396926,True,0
1645387,15995,0.05577761412976032,0.011664945593757303,True,-21,0.06955419917303496,0,0.1432422992773792,0.03688811652126528,0.7876447903987019,1.0281416056496093,0.4159463428785334,False,19,True,0.05462416939482246,20,76,0.11893762983610698,False,0.010576197612289739,1,0.9915326769851217,True,0
4093130,257139,0.4615842161221838,0.022488115185754522,True,222,1.1785530246847271,0,0.7015665724255784,0.520931634882263,-0.08046556358992957,0.728348220979893,0.004690979989631985,False,46,True,0.029878615980249993,21,90,0.022146886953924527,False,0.007549213840057143,15,0.134751681016983,True,0
178442205,17146,0.9317148631325366,0.020436337070112942,True,49,1.1731179488303505,0,0.8688170265432024,0.9374119128207317,0.0689114115212087,0.9894694842712544,0.004841803922474821,False,16,True,0.004462653356344853,21,60,0.5117013374677516,False,0.02338707028068162,193,0.9851254761342659,True,0
360767066,5066083,0.36190638201012987,0.07747710180542008,False,71,1.2686803225945353,0,0.9394226280636409,0.04911134367897418,0.07278805904808286,0.48875259900970247,0.783704605145597,True,198,True,0.5170071136198245,13,248,0.9699568790444669,True,0.6989501704123693,61,0.04685168222875553,False,1
13650636,41724,0.25894450446008643,0.33020923077823644,False,251,0.05761241382312465,0,-0.010654791065414712,0.046766309337693414,0.0045441858901063645,0.9693991936690269,0.5159354069749402,False,459,False,0.45805602266447193,20,48,0.4152970859755877,False,0.010233307406654969,1,0.9755258622105011,True,0
55073,13989,0.4035220514951405,0.044048540757100255,True,220,1.2667596107027757,0,0.7113322905614926,0.1566102983965157,0.2989976291717229,0.8415198645625904,0.005712737069647578,False,1,False,0.033308210377355825,16,67,0.01980599077530434,False,0.010456964027849519,455,0.41056496487447114,True,0
7312174,4731,0.35923536462867484,0.07313040329843505,True,-35,1.268030723630757,0,0.7412292994737547,0.4802990637912428,0.004725000354947358,0.5362790732482748,1.0189140357314832,True,372,False,0.10586893141541308,7,1,0.11065000291484675,True,0.225077377020936,46,0.024362388732637026,False,1
18277982,8555,0.07088370718182656,0.2279604480103361,True,147,0.2812041092584233,0,0.015721785329893316,0.15144765799402607,0.7458159060870865,0.4783061946123155,0.3801135053723741,True,92,False,0.24373713263415875,8,23,0.5191324721532563,True,0.2352805044351569,54,0.6795790538289828,False,1
11637014,12581,0.054052050310839386,0.05017429281676432,False,99,0.46496017305044796,0,0.3135437617938336,0.9814808939863803,0.03473577747593831,0.49123447712070634,0.5732777879294798,True,508,True,0.251728475779385,0,80,0.30109172449186666,True,0.6833302266341502,28,0.687182836706201,True,1
1235239513,6749,0.4285035118129208,0.16107048198238083,True,39,0.4974243100011077,0,0.823365399796768,0.16810146206630872,0.028447195487705856,0.5615281466643061,0.76125113635216,True,282,True,0.2643738494599589,3,255,0.5261436631239392,True,0.2838346585990934,452,0.028981096945832122,False,1
1594477,26592,0.22907253039232978,0.16243703560661538,True,90,0.29827722709438714,0,0.036010014366466864,0.5152804091222453,0.029495422888031714,0.5602227196365925,0.47394605675167245,False,0,False,0.07260023527042773,16,183,0.051113071351436876,False,0.010602513104111474,469,0.48399817800105494,True,0
4991682,-6673,0.3462015065928334,0.10249652590728452,True,128,0.6585168405654478,0,0.11930991381317801,0.08518146731076295,0.2647653577156856,0.8661135357428121,0.7369787147042197,False,99,False,0.1650504606282489,2,115,0.8127632890711396,True,0.017633135684903767,44,0.024063348517961748,False,1
55886,34560,0.9949593789457735,0.26368114223776606,True,231,0.005486366883455385,0,0.2527982104417003,0.012953377255422381,0.004755255558302041,0.5272124464693512,0.004725673779438797,True,26,False,0.24078196253964262,20,71,0.9894181472175475,False,0.00933086993153206,0,0.13243714493299555,True,0
24201820,728266,0.4540758427411319,0.1414460305319169,False,41,0.43927247441558664,0,0.005460518631549705,0.4613890650159719,0.623830777413584,0.1436123341026541,0.37611656757712236,False,21,True,0.04008763333154636,16,17,0.030171140437629425,False,0.022782437654404297,447,0.990857665835179,True,0
5637067,31512,0.4604575519569443,0.03850169501763975,False,226,0.04944688729151436,0,0.7542405853173968,0.011855571996470301,0.2408295880304496,0.32596993030206733,0.5792161788953916,False,348,True,0.20329372570072365,21,217,-0.00072466323543954,True,0.9866831345769633,55,0.8757836146138349,True,0
55678,29276,0.9935329017166974,0.2882354822224902,True,69,0.587785551581104,0,0.8634471856529995,0.04248785011232501,0.10751735568997059,0.9416981298808593,0.004642799092549137,False,286,True,0.0306231956669861,19,239,0.4784575440268135,False,0.011016647467935735,453,0.7960697901901916,True,0
-2473684,20875,0.46002659262869555,0.059423670491802576,False,98,0.013516806334465503,0,0.8300001711774816,0.9897328246908375,0.8547911560266014,0.5551729881259075,0.41064735538592656,False,500,True,0.058230221937605686,18,55,0.14028997067881882,False,0.011929921209533489,15,0.9494766569432923,True,0
52780,25479,0.9941767828572226,0.07062009188687501,False,25,-0.2057866543662501,0,0.005318074134395337,0.549985208640953,-0.04287687116684963,0.8184968621780564,0.5695097959884161,False,147,True,0.7876863838208334,21,10,0.07038463292321574,False,0.006017034050773884,14,0.39457414867297774,True,0
16741061,710081,0.9949915214816837,0.04150111434633037,True,231,0.8530471961755899,0,0.0052593659166024235,0.5612853350818634,-0.15612710101199456,0.4705044667733441,0.5218476838183994,False,1,True,-9.396745056327083e-05,20,21,0.19478182608440203,False,0.005645254575907072,0,0.25220420483686984,True,0
474955288,6006467,0.24104993611803646,0.05369524389127232,True,80,0.5158962636459488,0,0.8434142185971095,0.893700793310654,0.04697899267835094,0.4856420429130851,0.7025188334835768,True,275,False,0.24914108568156185,9,210,0.515086225955187,True,0.008647908025985723,446,0.9187730643626422,False,1
7188409,21357,0.9359775259519778,0.23093285181766643,True,231,0.760912767644868,0,0.7590596702515559,0.07171661516349592,0.035149175766848395,0.8450974770820355,0.6945064122058329,False,445,False,0.2555957696282569,20,225,0.10572446537440133,False,0.011450531311944342,5,0.678140489929877,True,0
7144751,40697,0.40926674690742504,0.0697834719954353,True,62,0.21864559292548613,0,0.8510910164270463,0.05444722007690214,0.0836240095990792,0.19923517309520267,0.8330021120573182,False,11,True,0.07690370427039868,20,6,0.22614654598126932,False,0.00824788556635744,208,0.9032069260243727,True,0
-4081349,1120967780,0.2649301486517095,0.03998388890071235,True,268,0.03682637855386156,0,0.8426376005535525,0.19634535429875175,0.08591842361348961,0.9902834714680667,0.964301472224584,True,509,True,0.18972422614788842,15,3,0.9999705179506002,True,0.0026217052202888616,13,0.02409057914789643,False,1
1258129138,26485,0.35498618344638155,0.13475861053819488,False,222,0.5175638322910743,0,0.2414274431843249,0.5191883966867452,0.532080604810444,0.8477800763865679,0.00483245926935069,False,15,True,1.2016531310500755,18,46,0.01762503224127735,False,0.009022288861050259,1,0.10680058774785936,True,0
4928269,4096,0.22901110327780716,0.2598837762423296,True,92,-0.30010375990450067,0,1.0312548078126038,1.001639611025962,-0.10727716903424495,0.9667646527438682,0.7120933036883617,True,429,False,0.13904449118859563,1,217,0.4833197326319609,True,0.01851694901644091,14,0.07792047354357304,False,1
5955367,30239,0.9356335114873888,-0.015179456307563899,False,223,0.2981664239051748,0,0.005041674606147371,0.32790894839438633,0.004801538836205675,0.9911382189466839,0.6365012154352772,False,286,True,0.04969621773159182,20,186,0.1378558318686398,False,0.010670447976330918,0,0.9899188416563222,True,0
11623345,39380,0.4609883467027906,0.04005574918442443,True,232,0.5388900493431165,0,0.25606340710454006,0.6229839027981288,0.029641356291257616,0.8441650368004467,0.005341069762634314,False,68,False,0.038769478360751106,20,0,0.033309414727994084,False,0.007766852104105236,472,0.9915241792507924,True,0
1562943,2550628,0.9938264024905495,0.2001062853273853,True,258,0.8776864044492569,0,0.7067805099737493,0.3267302991282881,0.8148009188449984,0.9307310638069318,0.004733073581652427,False,500,False,0.05390518200341929,20,23,0.9901871496161145,False,0.01204295919856119,5,0.23776614504301555,True,0
7888154,1266818,0.9358584344705185,0.07673351885308465,True,92,0.6935407914451677,0,0.8219631946733115,0.515588872647789,0.06339321107461712,0.19979372803345885,0.00480878681573433,False,23,True,0.08623967863430926,21,133,0.027563751441152518,False,0.01200496080843921,2,0.23802966165951883,True,0
7188369,13670,0.26371657733017884,0.03962358072491916,False,215,-0.15817635979530575,0,0.004885777815769244,0.14104034987879044,0.026117812293681854,0.660482956633796,0.0052152974315274716,False,15,False,0.07252263246166102,15,233,0.46808855833125007,False,0.01093934554884916,1,0.2688488849643391,True,0
8597466,27728,0.43577414432410294,0.04503860401195377,False,233,0.6584313264131262,0,0.7662757239958531,0.46941564481952,0.5614526408255773,0.9501422033037538,0.0051603343384542194,False,42,False,0.9327831773495924,17,150,0.4982842589782924,True,0.019518651996361276,8,0.901661266881408,True,0
1058984894,25506,0.9947132886886292,-0.00608548433589251,True,282,0.6944556452802522,0,0.8340909324478698,0.10593718998550258,0.07886022843032287,0.2390231597841607,0.52851387033107,False,190,True,0.08032713669756561,21,86,0.23145186206385446,False,0.008777254517967006,42,0.758766581505907,True,0
13005394,29655,0.25072028209991687,0.2397045825614637,True,80,0.3441675474243418,0,0.8489612150475088,0.2556573928081928,0.7862699638739643,0.5673864880809456,0.4282007156451934,False,11,True,0.5509247520348091,19,121,0.504478286606561,False,0.010058705356695324,13,0.6759475420153569,True,0
4821635,6694,0.07471035039937529,0.16929927044116266,False,92,-0.28271828456521086,0,0.30961394240710194,0.08012144088748549,0.03195487024418374,0.5276816400079022,0.3520170750414674,True,76,True,-0.0002050497025781863,2,4,0.8522861837641157,True,-0.0393470449774411,46,0.036132235728350594,False,1
5557617,15295,0.4582640264090503,0.044720146492690675,False,-2,1.3670596156627721,0,0.7929563144096808,0.03319157873955925,0.13817726657851964,0.8327101357663904,0.845944530549219,False,2,True,0.03964381203365704,19,138,0.03412236974957732,False,0.9856123300009201,6,0.11594421914825304,False,0
5657291,1658,0.07503050121519739,0.22486495588108243,False,62,-0.21211746241837282,0,0.13030854806351896,0.1402137128100379,0.07255536314246992,0.9424325995730856,0.5699256076013587,True,22,False,0.019933372356035022,0,2,0.842642330583736,True,0.0026573486546239184,511,-0.0009040841589323373,False,1
1304638413,10010,0.0660404794088326,0.059491163276821406,False,76,0.015978319282894393,0,0.8367807638994574,0.144754123974522,0.009891352937033944,0.8432739190644493,0.7079626900779319,True,508,False,0.029329119237077657,5,21,0.7735869568205382,True,0.4723709431081765,76,0.9161759799000821,False,1
5000111,3680608,0.06608647597460182,0.04536898462240889,True,0,-0.14253257424697974,0,0.004832488245576289,0.07938100189953391,0.11693036965536707,0.4772792009821104,0.9447349080117253,True,503,False,0.14170153724903312,2,85,0.2488898540604408,False,0.4711358784886147,52,0.013005328977468327,True,1
15261182,597077364,0.09670419743316216,0.17799567415694142,False,88,0.8102497417215363,0,0.025729734682196616,0.9833131338708516,0.1353838240004216,0.4769136045242046,0.963722894987785,True,510,False,0.22621412580164701,2,207,0.5625693541254834,True,0.22994739367193434,2,0.028130057009520287,False,1
603887121,18427,0.9948338502531725,0.18511214564618364,False,131,-0.10918291138047598,0,0.005111816584821905,0.050853487928793684,0.16896391829095475,0.8280819544228987,0.004661878214650252,False,27,True,0.05026663924659745,19,148,0.03920785984242579,True,0.008779281745815954,171,0.9115712294236419,True,0
1633146,15637,0.9940210304876339,0.04296221204016716,True,32,1.027279813611635,0,0.31563733242987707,0.3166444217076758,0.21122175492607226,0.9914583525647922,0.8422097459725518,False,47,False,0.0609794721249608,21,0,0.991428314027368,False,0.010852864298070548,15,0.39881132355067805,True,0
5847736,17093,0.3385280754344228,0.07837722776456015,False,99,0.5468336553215749,0,0.7602332761231392,0.011540219882007794,0.024572918708608033,-0.00017688958646428846,0.7029241983169869,False,509,True,0.8057123675435469,20,252,0.10642273668132632,False,0.009474051152155005,0,0.10921525161139858,True,0
4487342,548992559,0.05508939858193762,0.08055860118889524,False,142,0.04305289611464136,0,0.8309273543403406,0.7192276019947388,0.02158858210586945,0.4711134210852803,0.7285880750650707,True,271,True,1.0851290180687752,2,75,0.8217718696322542,True,-0.03495026023209505,511,0.9160468306008371,False,1
5966217,26090,0.10223835377387963,0.45415839265882607,False,105,0.6374857630085538,0,0.6650511346786052,0.7655628036192905,0.7366099818691403,0.8142219421526558,0.4013113626129681,False,501,True,0.07880402448554644,20,42,0.48000434333822556,False,0.011112518117571047,0,-0.00031829433984130386,True,0
20359193,5549607,0.421122570533628,0.050126245647741444,False,33,0.06667218213562104,0,0.00563661675873256,0.10226219109201526,0.0716252936952673,0.8744059932847182,0.4237604289307378,False,505,False,0.24814035720734776,0,15,0.8039208695884444,True,0.26291280023532904,468,0.03289331747216039,False,1
1574519,701309,0.4414735040643051,0.6064523224885153,False,96,-0.019929051456939906,0,0.018983463271349532,0.37473281330112584,0.7190483397306536,0.9910185582032396,0.415865389442336,False,0,True,0.16447914858254797,20,145,0.03425153243672384,False,0.010618742506007505,0,0.7983510891010681,True,0
7439953,32263,0.23506349384100272,0.022937988557589384,False,221,0.272316999442639,0,0.7763392445985419,0.05795948836159688,0.12711092936032858,0.5649756638780525,0.005011750676033745,False,31,True,-6.952374529398723e-05,21,88,0.035941068543762,False,0.009365133267685656,198,0.9537874261837304,True,0
56825,1951164,0.42399582262057467,0.002648250463062829,False,74,0.058907407407588264,0,0.7201383274954656,0.030517547087424057,-0.028500485914510487,0.8512430431861453,0.0048909062212076655,True,47,True,0.03333343079985056,19,59,0.5517661836696915,False,0.010465192751765827,9,0.9066165447226996,True,0
54129,857326,0.994543258992173,0.12663547200947964,True,94,-0.2925581904175071,0,0.8176415067413016,0.020025652691569786,0.021695974281325234,0.05689574731437913,0.4083037532144668,False,5,True,0.01973434843143319,20,3,0.023092072388736097,False,0.011034258658651179,1,-0.00046754768232366324,True,0
5012242,12135,0.2591625313736037,0.03523567661782928,False,49,0.9317672947288355,0,0.01906495742973232,0.3964951686448961,0.06957545381368536,0.5670903996905876,0.7857341159724066,True,507,False,0.19972014214020523,3,3,1.0029939222179418,True,0.4719298641265115,51,0.01903571154862261,False,1
4445371,3454,0.9949257931832699,0.1405344448501826,False,216,0.03437077227542884,0,0.16514438616272192,0.23948027681521622,0.40299201462060696,0.48103281859848424,0.7546038066918639,True,87,False,0.05480204986792653,6,19,0.8394831484063886,True,0.28589768435348506,65,0.04588055013246243,False,1
169769729,4625,0.04878964476317886,0.07808894144973615,True,162,-0.2314361609028549,0,0.16612967061945869,0.13770249492847583,0.5618820100671628,0.9905191111413459,0.9837331662654317,True,61,False,0.26110279139475645,6,224,0.3286143479737046,False,-0.014981092874440743,500,0.3021949605723351,False,1
4650605,4968902,0.05343250744236204,0.15034548106799017,False,141,1.1844912323669101,0,0.7556663163873398,0.9297779548623581,0.02599936209724065,0.4804056366071432,0.8460453575629749,True,258,False,0.1303413766693754,8,73,0.8523062693007972,True,0.3640853515566369,58,0.03791545897753952,False,1
66178,2830728,0.994908119972465,0.018181482124111747,True,149,-0.31033570642812347,0,0.15790751498063113,0.9893993307633896,0.7690722880783651,0.8352729913598618,0.6387108386114464,False,436,True,0.9056153806314313,19,159,0.12534127915658827,False,0.00603229235560543,52,-0.0009142847445484668,False,0
1008185058,25807,0.4221936304365814,0.04301713295442089,False,252,0.9182593197221129,0,0.8300623580366738,0.37656146164775117,0.1427771709780302,0.8510290524745138,0.7850631460066683,False,0,True,-7.466608061827218e-05,20,13,-0.0011437980259697575,False,0.010918853457427274,0,0.7830854013317162,True,0
21776308,1311755,0.26804668166978357,0.0546398020926759,False,128,-0.023127535191273862,0,0.029031532029881575,1.0006566394956926,-0.14535857159427107,0.5558525126299889,1.0444914079220886,True,150,False,0.9651589528561195,5,132,0.9677113421612344,True,0.6548297545922037,51,0.9111802599199313,False,1
13970456,1108914107,0.41788719080629516,0.07703352571992544,True,284,-0.022757769159557295,0,0.7642006277258399,0.47036124629236653,0.004332910681230065,0.991569451172974,0.4598187171198921,False,10,True,0.030839496886533237,17,36,0.12239050676691571,False,0.010133160060989275,39,0.7338164774037403,True,0
1731165,28976,0.1585502155140126,0.07363542713820141,False,212,0.9832209419481219,0,0.8765878391186234,0.36680019710445877,0.03077426883386169,0.9930957302266645,0.004929765490454652,True,501,True,0.029094744585015205,19,39,0.9970460151072916,False,0.007069226197509174,38,0.4179092088736968,True,0
7319133,22203,0.23489072821114343,0.11526046864860112,True,98,0.05147184273084482,0,0.754975446663912,0.48169876694773817,0.39048270675766117,0.8408318545757755,0.005075013037263806,False,8,True,0.05267247920747639,19,254,0.028149070787646925,False,0.006666583610922904,1,0.8996575762545622,True,0
1303356930,17010,0.2586512447307321,0.08225770436908098,False,254,0.32019539301300837,0,0.004981073865155085,0.5269153848957994,0.5985124233709485,0.9484164755692688,0.7135354899676427,True,508,False,0.0888816559113833,1,5,0.05242268329283795,True,0.2270101588493029,43,0.015585805824626387,False,1
53759,31100,0.4372468190961024,0.14536019626947294,False,94,-0.06516534356411374,0,0.695754484597341,0.06471666218870124,0.02702624783911461,0.23392280907839563,0.4161376426157037,False,52,True,0.033247527828002735,20,0,0.06981471191064118,False,0.011933967466303163,0,0.4214333543707883,True,0
4721147,5079,0.3061671367552639,0.1645360918143276,False,231,-0.02203086816918376,0,0.026812025865205223,0.21962166521208,0.03183496121206608,0.9464095307534904,0.6923955574075972,True,104,True,0.1958594872432745,2,175,0.884602726146533,True,0.002787858799230788,80,0.4193165664245444,False,1
53571,1138959,0.4608968088880995,0.023734054518694245,False,92,0.050937406010678976,0,0.7058788687249714,0.034450225762172805,0.11061857375705858,0.9487527149307327,0.5725731272662351,False,1,False,0.05552146529056829,18,38,0.03837808303809341,True,0.012086804543310842,0,0.6709341686116929,True,0
9421484,22238,0.23534272868213554,0.04387062304895176,True,87,1.012100220917826,0,0.7633586853797195,0.12029486938599711,0.11596414759861345,0.10896072655234135,0.7166621610541068,False,1,False,1.027243406668691,19,200,0.10863572668045868,False,0.0069304450761548675,3,0.9523606367565965,True,0
4751636,339175576,0.0613604974312833,0.0589305257364738,True,154,1.0969505105212707,0,0.14005093496655946,0.07272702166829842,0.029868654421858137,-0.0006125125257337061,0.8010618272440619,True,91,False,0.3673904974810621,7,228,0.9882527677849794,True,0.25342779394785037,11,0.042045645508835,False,1
60766,28051,0.0656875950466203,0.029528896298047412,False,215,-0.32324329323189527,0,0.005158501492574305,0.013514157258914318,0.024595568069967728,0.9905679847456891,0.005324528437997795,False,192,True,0.052296409444899675,20,13,0.12232892459958841,False,0.011970790800196047,16,0.9710613981119075,True,0
1618532,38424,0.24589856328481874,0.277213386718354,True,215,0.5416434686974758,0,-0.0044297523654474175,0.8769033389416336,0.7164029530301955,0.9906217713861719,0.5691050978861506,False,8,False,0.08509725349351113,20,75,0.03946485862577237,False,0.01003144606463836,0,0.7336349176801408,True,0
1393636289,1109223270,0.059499066510172956,0.16417692351781177,True,227,0.36390116924523186,0,0.6609046273932814,1.0021848339611428,0.39290083053060787,0.49378852907074444,0.5747699698010789,True,289,False,0.2504448883236095,11,0,0.8844960817336109,True,0.6862856836617477,26,0.03450278430215518,False,1
7658155,7923,0.07643718723214546,0.07766988618616319,True,134,-0.2200463226037287,0,0.013170548836178343,0.28598245691944546,0.007473235705450017,0.8618500013465709,0.5736325084210728,True,237,False,0.2515966602381952,4,237,0.8468691202811215,True,0.0025531760222719958,51,0.40027520786782356,False,1
4998049,762392,0.06878072246560453,0.4259699070294099,False,114,0.6708388269779368,0,0.26351059913256625,0.2699517213238724,0.5459433380528105,0.8261731525084258,0.7223283962639898,True,134,False,0.06749208007219606,2,3,0.488308008962399,True,0.010652377143340885,53,0.06561941159085904,False,1
13155693,3779146,0.36481664021011884,0.039740235028933944,False,71,0.7192555719434031,0,0.8736746513877711,0.011802664762964137,0.02221298554466944,-0.0005435577719981189,0.004846885034727365,False,501,False,0.06733478590146028,6,44,0.1281254147624141,False,0.20935265809730874,1,0.9902556456057633,True,0
4679851,1413939650,0.07141602876958306,0.4737092049146675,True,159,0.6060377980156838,0,0.839789336749726,0.2202502551135154,-0.10448540419969932,0.4916905155942747,0.8219485044470388,True,81,False,0.17409247933350883,5,131,1.016791340672822,True,0.4358536442585964,12,1.0014625731158258,False,1
20227138,26663,-0.07302765363300467,0.044003209429627474,False,40,1.0879107600246423,0,0.7919914181828799,0.012463716615667975,0.6660869749174794,0.5776501072270896,0.6398286177514991,True,363,False,0.02969411660369048,21,187,0.8468376850546251,False,0.010815206059912319,1,0.23148898976145058,True,0
53586,18451,0.4042094316544764,0.2719828876483398,True,252,0.683366453903451,0,0.2691821315767262,0.7020804858300097,0.14059635938822657,0.9915208643868647,0.0050030125430920785,False,501,True,0.02885318797837602,20,228,0.055191356138580616,False,0.009920008966746694,6,0.4761526024067021,True,0
265589985,1939,0.207881274993167,0.7257368204085493,False,86,0.5243893531483592,0,0.011891234998385796,0.36741038034081563,0.0049840916000916365,0.4810261659594367,0.7125346146345817,True,504,False,0.20699188495654994,3,188,0.711317138039297,True,0.5146658668689017,58,0.035336415638548196,False,1
1678185,17215,0.07936073718494213,0.0391227749933882,False,114,1.3493657216556707,0,0.7938109466424066,0.06253972945064266,0.00687862836628422,0.03785789699220812,0.42227683723716886,False,3,True,0.2450480742261103,20,22,0.9809858010092459,False,0.010070111139013366,2,0.42650875269786503,True,0
1605623,-559,0.2898827311889597,0.15414145118248765,False,41,0.853170234275932,0,0.005333248468732541,0.6930501352467047,0.004962849752339499,0.36155105653968966,0.4047983905024885,False,21,True,0.05374655027276635,20,83,0.007863452741572107,False,0.011139624668480378,1,0.661797876071021,False,0
1579695,-3712,0.28899827413210133,0.04255721886428969,False,226,0.7505243694206494,0,0.6982337955348377,0.40035814711083384,0.6347705029077583,0.3690478708904593,0.6971991694899097,False,155,True,0.2613392290730584,20,89,0.016996672783177538,False,0.022361446460356538,70,0.05765446902347122,True,0
1663304,18211,0.9945901717651997,0.21115192423082266,True,102,0.6100517290223318,0,0.8045070968685654,0.5299569170768996,0.7801840107438351,0.956712270429783,0.004615225041058853,False,10,True,0.854537391902265,18,210,0.19322490477298776,False,0.010602151249627509,1,0.9860921398775336,True,0
818074099,6957075,0.9274463070795972,0.02236265755597021,True,230,1.056824218255079,0,0.70273870936445,0.012723675281151104,0.8465965821002115,0.8320974419631206,0.0053974005151004095,False,3,False,0.028780256226340006,20,63,0.48832590428335,False,0.011743193430399815,15,0.30297327102392185,True,0
21459402,1130356452,0.41430576815560627,0.660330146413223,False,38,0.45512201986871165,0,0.7977769534525929,0.34868306541021754,0.13920008091205535,0.4741113028323929,0.7501630459121865,False,54,True,0.17073842686296847,2,0,0.5155628203204101,True,0.6972810068143329,0,0.1509195954617358,False,1
4022933,3662,0.4143911655378089,0.21070927588236843,True,121,0.5063773376593271,0,0.7588849152453725,0.13320401814928062,0.8434352457774904,0.4851968460154322,0.8696566596495425,True,96,True,0.2501427991150901,2,2,0.011340650615823528,False,0.5440290973297585,81,0.039857304468200426,False,1
62624,18487,0.9947028166834755,0.16885828706879127,True,105,-0.2634355483690124,0,0.321957530791928,0.048453375339001764,0.5953365564174021,0.5668262295534091,0.4083849525568701,False,23,False,0.4475777771217685,19,240,0.025644789831301522,False,0.012071997630602271,0,0.040797266870706485,True,0
6174179,26440,0.46134114298476603,0.1383635174962019,False,280,-0.04824487712294012,0,0.6485539052462257,0.062213240421231095,0.731314200408043,0.023927832996317844,0.006211677064812723,False,47,False,-2.062789842068411e-05,18,84,0.12391686187931697,False,0.0209951219296985,3,0.40948206341774296,True,0
808997320,3982,0.05089698381507884,0.03874677032948428,False,41,0.02941098633332384,0,0.007922137280078859,1.0032734358911561,0.024481649093927582,0.8596940296219009,0.5860363999163566,True,214,False,0.2625260233290023,2,38,0.3998220746339854,True,0.0026479323437588378,56,0.20894340744438886,False,1
57808,27621,0.4600704999343703,0.08012272202202102,True,214,0.5228886403912565,0,0.6833844971213073,0.15485840050152339,-0.08197338157703965,0.8466670175050525,0.5712727878789788,False,501,False,0.057539625037810405,17,179,0.01952182623192025,True,0.01005654480382746,484,0.13197315919969754,True,0
4199931,1179564,0.2935624115382663,0.040233441875039466,True,223,-0.1572469801991494,0,0.02493589510641716,0.9045365749564315,0.6277962836075963,0.5295806844952471,0.77447261030669,True,509,False,0.6697876539406231,0,2,0.8204966663371208,True,0.4865292560270762,510,0.3038465682916225,False,1
1279207280,1302516571,0.48560243842592654,0.1736893262967536,False,133,1.2879184675984496,0,0.8366852158360417,0.1997619391706463,0.005101095086839471,0.8926821720630083,0.5691708896787534,True,509,True,0.06986501537806122,9,255,0.11547991241437974,True,0.4701709230394939,324,0.030558503413039173,False,1
4460773,13128,0.08882686789473708,0.9804044111024872,True,230,-0.16216639277041744,0,0.026882465953023852,-0.0006238231947502045,0.7115656317373755,0.4846672344068762,0.7803336081358342,True,303,False,-0.0002854187385631453,6,-1,0.29641637294269557,False,0.46822815952033836,25,0.02581762336080791,False,1
7896859,44619,0.9311542274349802,0.16207862551435437,True,-6,0.0537018001422821,0,0.8799450341388024,0.07589788833327538,0.49584529160934165,0.47839703609507167,0.7042473749992274,False,513,True,0.9726846303547567,7,206,0.8623064621129795,True,0.6972309307402365,22,0.8796585389903814,False,1
64200,18326,0.38868824829185467,0.040702907048134424,True,231,1.3131276843572217,0,0.824260679282132,0.013148280319177214,0.03481689713745059,0.5659621866725395,0.2999391069853692,False,2,True,0.04206639377076071,19,201,0.011035079501217076,False,0.008025830609965541,318,-0.0006300372747697036,True,0
4426110,11838,0.061821308129381455,0.13446808887180495,False,75,0.9712748911188784,0,0.169090242608968,0.9219879320292352,0.0051298423189449745,0.4829402322138697,0.721441191177999,True,99,False,0.44583737795840794,0,254,0.4147655588333115,True,0.4695553468587766,503,0.9527563330691842,False,1
5409811,-87,0.08391425668236605,0.16013835909278312,False,259,0.9775595087767142,0,0.005133224288155159,0.8503991095543666,0.004957658479887582,0.5799855046328214,0.7198003039151712,True,65,True,0.24235724742424708,2,179,0.4408709066307339,True,0.261570201568707,506,1.0004706929898493,False,1
5665026,1887872,0.2714526059031359,0.04302435090492408,True,229,0.6325191428489807,0,-0.00967363699381825,0.9891819806134358,0.14479154446911008,0.3350770115643272,0.6009087585272429,False,333,True,0.17703271036071183,17,-1,1.004111653986911,False,0.009920224989216016,421,0.27099312881622517,True,0
1680145,25890,0.4551204315647155,0.9799305765496203,True,46,0.8322657794735379,0,0.005689556774147345,0.10809011969003525,-0.08437500590050873,-0.0006164537680425972,0.7273062879203922,False,6,True,0.0492362966010716,20,2,0.023393546010790814,False,0.009676011048814851,374,0.08162899880562044,True,0
1600581,25452,0.9949648342754707,0.03421902887331535,True,224,-0.16659867772293635,0,0.6716645796555842,0.982596824377583,0.07975613691051885,0.9836121768451522,0.0048456097152409505,False,514,False,0.032293808024814255,17,175,0.42408454859702444,False,0.010868625373637917,0,0.19927631346731703,True,0
556627789,9776,0.43762676945962586,0.1904275823351058,False,232,1.176505554799129,0,0.010370349909746831,0.9999747699627388,0.005497577108850241,0.47685647173321144,0.765677179839547,True,218,False,0.09049690692039757,3,5,0.8628303172344309,True,0.47620866512309484,26,0.016337951577785847,False,1
3949662,1600,0.25214810831088297,0.08219623656399731,False,106,0.836365730667377,0,0.13301425947417725,0.282283119294175,0.45604359175232945,0.8357656243255203,0.7273471867821796,True,17,False,1.0874035043305508,2,246,0.0458030908893114,True,0.41104891630601914,11,0.033574270674868595,False,1
57571,28989,0.9945952526532755,0.9814393129052905,True,222,-0.2730961049283912,0,0.697217230735726,-0.0006183858761833284,0.5482423419950104,0.8442172986591333,0.36077284895056116,False,11,True,0.052850507870431065,19,21,0.07770384139504023,False,0.007667582589492126,1,0.2299930924029065,True,0
1219422,11894,0.05631534316112474,0.23528723996842874,False,144,0.26290258116914966,0,0.8354970395633377,0.13894177280492448,0.12049614307543195,0.8640960046321543,0.7277248447285167,True,91,False,0.26289881299770335,2,178,0.858582849785499,True,0.511812991168678,5,1.0010421978865058,False,1
4893345,1055994,0.04511816928562906,0.18447160407962748,True,162,-0.056482180732620346,0,0.20988786962509468,1.004670794614285,0.028235400082717018,0.8336332210652501,0.5725413585527818,True,302,False,0.24825190372074127,5,35,0.7975222066466845,True,0.7271292237871432,346,0.3915362105090882,False,1
1268363477,1440537,0.4094202724155488,0.2956999991119392,True,46,0.980165397454406,0,1.055941586103677,0.15106682246055855,0.005411395775715709,0.9135892837379563,0.3000021344337087,True,4,False,0.25039575885087934,14,1,0.6931924488277826,False,0.48568537109567544,448,1.003135949986861,False,1
11245648,5852721,0.08520813448119186,0.6378068493675751,False,-9,0.8335816565131093,0,0.004860965443263241,-0.0008427631089811571,0.025818869630913815,0.5088507414525509,0.005431070072011654,False,10,True,0.8219066613263257,21,159,0.007812402824536228,False,0.007665306350761623,6,0.25608816312123667,True,0
54692,25869,0.3791245275699626,0.04270122081546508,False,225,0.36668981040364906,0,0.6487379889061753,0.06575056382572789,0.0026708785365819436,0.8404407016514798,0.004866756367830119,False,6,True,0.019029044269944152,21,254,0.29129300992308527,False,0.9856274155291824,445,0.8154195267674541,True,0
5082576,5369,0.311144743780347,0.1433451246852992,False,45,-0.11905034203268194,0,0.270913845587145,0.17659840866918297,0.006674786758033541,0.48190539493571705,0.7839183921260877,True,396,False,0.2510429234818981,7,136,0.20566275810261148,False,0.4671216450737494,60,0.26916863323978346,False,1
13553349,34169,0.9950586759420047,0.9809689131471804,False,265,-0.041529017286008885,0,0.271992784869863,0.013031489136254395,0.8232696278978777,0.99084161853014,0.3144777538339512,False,2,False,0.07639290650245967,15,232,0.08857027650258367,False,0.011363679391379432,0,0.8414375712872675,True,0
1688549,41562,0.23033839360381808,0.06087582003048933,False,127,0.6450188533795808,0,0.006613588136014911,0.061114447282572995,0.6818805360604142,0.5722697427584105,0.005567126334789437,False,4,True,0.039475333207353414,18,139,0.032820009496860154,False,0.21493193114352835,25,0.8138567867103835,True,0
-5680257,6831989,0.08855102372104351,0.058304148593884005,True,151,0.994631571568183,0,0.8362931803314293,0.986532557414769,0.005484682973975563,0.47552525843102533,0.855917263222733,True,111,False,1.0521667002928585,2,252,0.5550581344996077,True,0.5652259010826459,14,1.0002585942386977,False,1
5856517,1163579204,0.933838528547504,0.2801291102942829,True,252,0.03883497170635286,0,0.7481749281800374,0.03438156205094438,0.33617407747309735,0.9361491636718943,0.46835528588026076,False,501,True,0.04821607090394456,19,0,0.046903808668410374,False,0.008199327023418152,1,0.8745477570399367,True,0
10188873,25915,0.9949539786208069,0.024686464194299054,False,231,-0.11548171391666295,0,0.8436376839556765,0.012433176213687624,0.010725593260757928,0.8415785378541576,0.004774556114734838,False,36,False,0.03187555038096572,20,129,0.512969027968386,False,0.011087663980260376,20,0.978142412135753,False,0
4743250,2895,0.08916633649727802,0.05181488578363538,True,129,0.03293692673019244,0,0.14242056732631012,0.10950782862099713,0.4626561138507913,0.9000727550515625,1.018252329924421,True,116,False,0.1308099463320014,15,10,0.8481377280236108,False,0.5071122979648435,62,0.03290586591919861,False,1
5068491,13361,0.25531996801547874,0.04898827773275173,True,31,0.491785920168338,0,0.02782924569415553,0.22514556629449142,-0.06120162742986324,0.493162076327759,0.8479267739905118,True,509,True,0.24800991315694115,4,232,0.2738876251363806,True,0.5142913339971199,47,0.027017553042412473,False,1
4889977,6764,0.2367307016516797,0.11046246072597911,False,61,0.07103582738370484,0,0.6841369975101319,0.2247774296072314,0.03674309772813302,0.12665726457885604,0.571056288146529,True,228,False,0.2612863090892891,6,253,0.8830832384300298,True,0.207930626203845,66,1.0034131239775443,True,1
357092467,448323,0.056381198062801924,0.16051594203174835,True,47,-0.04190583049153063,0,0.18434332691061792,0.9910698841561605,0.07577482448157156,0.507719145500681,0.8824742944056193,True,509,False,0.2635941135898745,2,85,0.5081281060670896,True,0.8135631894231006,65,0.01072207089883936,False,1
1312388249,224,0.4448511841237318,0.07184483932767949,False,229,-0.31387948538623023,0,0.014547133658410802,1.0042662496257493,0.8089331383883529,0.5139645668024813,0.7259248958416117,True,213,False,0.2864761759622104,2,3,-0.0006392167743873825,True,0.0060423688368580475,29,0.9266109288096912,False,1
9234948,1821,0.043193660279425214,0.1499621164425443,True,2,-0.15418445198383735,0,0.025274286387104397,0.07709730665092758,0.0640464572470896,0.4866936775166639,0.4040936271311316,True,313,False,0.24974239378419372,3,11,0.15760343367324794,True,0.49700915446288263,68,0.15954446325877372,False,1
25239581,4875507,0.3606923066340175,0.025064716271152178,False,252,0.5946044119378795,0,0.013804881890855873,0.024289603653397968,0.5528911510561159,0.5417051857567924,0.8561022350240893,True,94,False,0.18085726436839725,8,134,0.8591741177133655,True,0.9315356265286556,42,0.912006321883741,False,1
22393693,28189,0.28049206343464955,0.18082229182886062,True,228,0.6589669045339771,0,0.9839792607443669,0.29062518106253926,0.6674249586969603,0.832224634124016,0.5870302485883122,False,445,False,0.038701846426899264,21,20,0.05077607336036712,False,0.009018539208064554,477,0.9086122053611485,True,0
773169868,12548,0.4528396057227489,0.16153772618003914,False,105,-0.029151425032807654,0,1.0767397120725102,0.9875198346333395,0.0054169527022119735,0.8797929377874196,0.755565521656367,True,508,False,0.261144491890294,2,255,0.8507853517127397,True,1.0733062701917206,49,0.025449627073238515,False,1
4859785,583064630,0.039368572888489904,0.43578750782498504,False,34,1.1718961481673673,0,-0.0001739043157603093,0.20164807125395812,0.004738326108829472,0.4885079740212862,0.8381059734353152,True,505,True,0.26015942251548896,0,10,0.7059555835461787,True,0.002686817165278556,215,0.010168448097908737,False,1
5106928,433937717,0.05619662421358692,0.04799369227836123,True,166,1.0591021372788696,0,0.820373567311601,-0.0004553650598704806,0.005865809017563797,0.4970289894079287,0.7263270186273918,False,82,False,0.6618904672388888,3,38,0.007321256370026443,True,0.6901610868989264,455,0.9061493001553398,False,1
56089,28215,0.46064243967845686,0.042295536296889404,True,252,0.4460902259859267,0,0.2773655799414431,0.04850437109077352,0.2363388895163505,0.5653998795427899,0.5736158325265825,True,1,True,-0.0002995753362139321,20,61,0.990607832498327,False,0.22823144230288656,26,0.1939478019891302,True,0
-1409577,-4036,0.10207870664815577,0.2638844211620023,True,28,1.0075982308825129,0,0.647929250370123,-0.00022909916303065944,0.4806715613768482,0.5664760895729056,0.7738920634508929,False,56,True,0.047158470982520226,20,207,0.13405775327564642,False,0.02031390373718847,51,0.7417669080452081,True,0
1599294,860929,0.24631918695096833,0.1968294415542354,True,65,0.8351759043699736,0,0.8483777789307878,0.5298495325317983,0.6776915901237013,0.8489499866237129,0.35308387468430913,True,0,True,0.02891468731812384,21,77,0.03964140069112646,False,0.01108661831135669,14,0.9890868572096521,True,0
370362847,475228,0.23465394000358666,0.21234875372790665,False,162,0.035361174543944995,0,0.2425998768581306,0.37329548669143886,0.029527184098059215,0.9654952655543063,0.7762320932930431,False,0,False,0.1776667276213917,2,253,0.5138979466083492,True,-0.0027055291477727783,515,0.9367921785584092,False,1
7464428,1461135,0.9938691009198922,0.19479607028003484,False,267,-0.35407669475301007,0,0.757991917520039,0.012678279576581252,0.03155878400407274,0.8442405266147897,0.8373569160862437,False,16,True,0.21220916907592124,20,254,0.475244632664765,False,0.011354714632877903,24,0.2621137964956036,True,0
1588819,43204,0.924229203682058,-0.019436276882240366,False,223,1.299925173822297,0,0.7802886435462226,0.5658758504775292,0.035406201972417124,0.8387745098359896,0.005085343712535565,False,47,True,0.21555096772282567,20,46,0.12269254511701358,True,0.010706578007713893,1,0.9908102136018162,True,0
1187430,362920733,0.4299281374774576,0.04301908653530448,False,225,1.3281643352192107,0,0.7161251203420512,0.4400528242769408,0.08012706001333074,0.9310206971777328,0.40707123594683353,False,45,True,0.04680182944183345,20,76,0.17042166507057674,False,0.9846034488215175,486,0.1754576436670388,True,0
62415,30296,0.3606774572181522,0.6485051292584779,True,-20,1.303702095290042,0,0.799380290666884,0.690620834289011,0.12559406487059455,0.8454647410734165,0.730799369780741,False,18,False,0.8847948991053152,20,174,0.4562612560353955,False,0.02047331111447967,27,0.21539004161500316,True,0
20060850,26737,0.3120896137702933,0.03876946691242128,False,141,0.059298118162593894,0,0.9163379772787831,0.16924183207731144,0.4223918750319915,0.8682565738540033,1.0174282835008244,True,104,False,0.7844112955952356,2,222,0.7124326900150723,True,0.23612926333311057,49,0.20489993947393664,False,1
75083,3134897,0.9946221948999171,-0.03467162759508302,True,220,0.47391663309192555,0,0.7834378877866731,0.03358102154171467,0.5894771523630227,0.5842319849375144,0.7172686205502481,False,145,True,0.37918257826815205,19,12,0.6523280879677735,False,0.010786726233020173,25,0.7561750063056064,True,0
5163229,9095,0.4331751839406708,0.15981698210704043,False,103,-0.19468381463778384,0,0.015682362096133214,0.36984040394835443,0.29930937033497373,0.8425827407536602,0.7420732381276398,True,278,True,0.2602769643069442,1,202,0.4766077167231986,True,0.013498106441665353,430,0.019062351711001898,False,1
506601763,10033,0.4044718152688262,0.6079685368921199,True,139,1.0762246076887587,0,0.023104706379348482,0.20017927949779246,0.35095175730615796,-0.000546084643875785,0.5986513681183939,True,499,False,0.08412379765907554,12,228,0.8967105670562077,True,0.5142788066454623,452,0.017726012453117307,False,1
4554677,25643,0.10145562114156383,0.7173825995656996,True,164,-0.03529860755030845,0,-0.001556480683994943,0.41760238351719897,0.8370593375066422,-0.10980347374869648,0.7626448770628342,True,1,False,0.21548672309689612,1,39,0.6267981980160099,True,0.002713137259855027,513,1.0000694695754007,False,1
1723033,3458769,0.2620748775685581,0.0388335629296101,True,82,1.3947061363899405,0,0.0049259956378250504,0.41048748152124526,0.11654011549144133,0.8450583101638132,0.005182523328469855,False,1,True,0.03245921866060784,21,44,1.0020363160843897,False,0.010746309973346184,421,0.661324360810689,True,0
4318894,-5940,0.4600390669359409,0.9798196497655124,False,120,0.1457460521737866,0,0.9834388685829321,0.0442289652002045,0.38676431913870024,0.49027038846523197,0.004838438834698254,True,158,False,0.21920187839467453,0,254,0.17348483148827665,True,-0.04874140469831889,15,0.16928172845731776,False,1
630552930,570204394,0.06356489245728265,0.27673978165196217,True,118,1.410934356789227,0,0.18781940356453977,0.37884856653694016,0.005270966539729555,-0.00025618916460927487,0.7658969660713624,True,509,False,0.7741036179428041,1,209,0.17823421755812288,False,0.46707947207041145,42,0.026463672257883347,False,1
4665205,7897,0.3012652441992296,0.03912519191807885,True,34,-0.14391484938164545,0,0.15511609839655366,0.15308495896177993,0.13181018824478208,0.49441880499897906,0.5158762119942768,True,11,False,0.9981797040252529,9,2,0.6641915335324071,True,0.5121701407732846,53,1.0023077701554093,False,1
4230906,4703609,0.06787509044679949,0.07207474173716813,False,114,0.06442389677804711,0,1.0136391266304723,0.08019860109454399,0.6139078965104124,0.47180003305068874,0.4173312202476677,True,504,False,-3.1189504654128825e-05,10,97,0.5118014567355942,True,0.5254164424792301,509,1.0029842182344217,False,1
3875776,26293,0.09666977552904016,0.22846194487740906,False,100,0.7793434815844966,0,0.0282044760572989,0.035052988636750854,0.11837925733164481,0.2219916107718325,0.005691330651564862,False,513,True,0.6270186796865802,20,200,0.020146992947886393,False,0.011122938858092324,11,0.36856150721548075,True,0
1363178266,1104780623,0.09609044864364484,0.24906992022719932,False,36,-0.010005616749322988,0,0.027253377052385654,0.9915094382579228,0.004980536792546742,0.4777902191706216,0.9270296129225244,True,510,False,0.1856099641495519,1,115,0.5647897987385397,False,0.38222088462352966,25,0.32676120059574626,False,1
374488663,1240496373,0.05754866448964501,0.1631685779532773,False,159,-0.07997514371007775,0,0.01427022025385541,0.6488073181548919,0.5431230762412524,0.5481621249118938,0.7676475504984156,True,504,True,0.24885451621919188,9,9,0.6724075831338475,True,0.7669358752960144,4,0.3839437498728385,False,1
1780368,38493,0.9326712215927283,0.17806889555969163,False,214,0.9843596120574913,0,0.7005106348447062,-0.0008496566224892846,0.02095204033813929,0.6240074888747478,0.004677154471243675,False,26,False,0.028900564829770457,18,60,0.06893791427172728,False,0.011334125179112352,361,0.9007153323095757,True,0
4077655,35591,0.34125607049250445,0.18075557892196037,False,221,0.5258274297148713,0,0.7440448597203113,0.4378622141894782,0.7795484285218621,0.8438887691065545,0.8109027295408245,False,0,False,0.9019794509257942,19,224,0.2970089624438909,False,0.9845596214050985,3,0.9088890553735247,True,0
6073758,26857,0.38447333935234385,0.44389571527732563,True,98,1.2600211833555435,0,0.6987035165132983,0.1334002079856253,0.5664579694078509,0.8501744021985964,0.38460556568621695,False,501,True,0.08651924627748796,20,228,0.19956955526062448,False,0.010482576377501295,198,0.9613007153310524,True,0
9556963,426016916,0.994390443206541,0.29929365186894313,True,151,-0.1522715198050597,0,0.830414019604423,0.4215574888144431,0.03579039014576593,-0.00011405487557517428,0.41867828392952816,False,298,True,0.018951695311290494,19,184,0.04785604925947516,False,0.009898846086902996,0,0.17430630314899273,True,0
58368,322582474,0.933987627004104,0.0816326550126301,False,124,1.0276124201486248,0,0.015989004172605566,0.9811845378066469,0.020762822498004797,0.471410728836438,0.8711350707176816,True,99,False,0.07147898548272132,13,198,0.5854138085251789,True,0.7428339240479881,85,0.03299171186645474,False,1
83488245,1246,0.9950164471580033,0.23055568685255506,False,150,-0.22352604179166158,0,0.6768822000616858,0.061847779548273314,-0.03904890865739363,0.8417955363313516,0.005010669809660119,False,1,True,0.2450175458765824,20,218,0.016642617600262467,False,0.010561549575069669,431,0.6689810401414289,True,0
16269871,22832,0.9258731509941679,0.04532137877764353,True,252,0.7191849042367708,0,0.8920731931447896,0.05886586951415322,0.0795733410860035,-0.0005988427541898225,0.4202000468197307,False,31,True,0.0557365591686349,20,133,0.2582525181856099,False,0.010493623680784468,52,0.40224749071529975,True,0
-770375,2217884,0.13408739381625823,0.8286695159519551,True,0,0.28024171689352395,0,0.8415587881244188,0.0852242151684802,0.13889257388910303,0.5429126908092149,0.9993393699767682,True,503,False,0.24336008885871038,4,232,0.7447842826668303,True,0.0017645234614904193,503,0.3457966759711753,False,1
1636251,1887387,0.9946052300459822,0.0776777201726164,True,29,-0.03060823715606531,0,0.7442068134360031,0.08162803025379961,0.050321126959021856,0.9635477575817071,0.0050748915938636854,False,6,True,0.047142320506572105,20,105,0.13710747444413363,False,0.4587166283591593,14,0.7610846450307134,True,0
21344314,610410016,0.05737383337008941,0.05299002783197854,True,-10,-0.13108667957269426,0,0.01197739811977003,0.08443702799040326,0.41362151084051824,0.47386168550290936,0.7605275201093034,False,509,False,0.5943230259911578,15,179,-1.8067017211484403e-05,False,-0.036569259858660774,40,0.9046856615213381,False,1
26404863,21691,0.41548861885821053,0.6111147887570145,False,71,0.4918530020576988,0,0.8341226769803833,0.554195065877632,0.8844887463190193,0.16687580028488025,0.8120359413384204,False,446,True,1.0146506422462171,16,243,0.08609534729195226,False,0.01924012749220273,9,0.9370580441934137,True,0
1683127,2395919,0.3614401155559496,0.6326692223756918,False,214,-0.09029433937947484,0,0.8428598176022255,0.010599178819920705,0.03232134476777301,0.9914169514476885,0.40691599613920465,False,0,False,0.1953448979820242,15,138,0.10960080696241999,False,0.007577747441927723,5,0.392561683130427,True,0
197379649,5628236,0.049281626883333714,0.13321305599125458,False,46,-0.33039611505965916,0,0.0068887275914372645,0.32706729149825225,0.10277681563832976,0.47753476489253777,0.8475307282504373,True,514,True,0.1582110096953473,16,179,0.017952944236893403,True,0.20348697409844407,9,0.42627257043949274,False,1
1400756,1740324,0.9948214802826095,0.04181576995931324,False,9,1.1748196921598093,0,0.005221101836683805,0.5326151435579334,0.08959389289189569,0.5681370712346541,0.004688017377376127,False,10,True,0.8708815374082909,18,255,0.1326118137981279,False,0.007869027495401897,1,0.6565257905730241,True,0
4129610,651143045,0.056130722548067113,0.03948730582696625,False,53,1.0391598314100465,0,0.8529389874798402,1.0018073822764961,0.024504858380135698,0.5259273432775166,0.6661352351726738,True,511,False,0.5140864120119472,11,2,0.22577062409553647,True,0.00278839919622976,491,0.15281100958851734,False,1
1876198,29313,0.4592647016681043,0.07999418673111625,False,216,0.13094822772938564,0,0.7919275955019661,0.4185698048243083,0.1554367597859246,0.5708980907108052,0.004885528226609155,False,13,False,0.7498888256662237,20,141,0.04098315313069183,False,0.01884127958498546,240,0.6200658735627698,True,0
53620,11463,0.9342280278332724,0.28055451989126107,True,122,0.4536567639678901,0,0.7978799750814354,0.010063817785973305,0.15262390631104128,0.8477011568328701,0.004643254383264578,False,6,True,0.03160226753336093,20,65,0.035244886037439284,True,0.006920698093979971,1,0.9345817974438738,True,0
5075369,581608418,0.09980315083426461,0.04877319094036618,True,214,0.2703774258721757,0,0.1498336914194029,0.880884214991423,0.36118288070285925,-0.0002756569870062302,0.7773140376697987,True,94,False,1.0316285160498855,1,249,0.8919479456953964,True,0.020878648756278817,50,0.04907743215710091,False,1
1190530,29040,0.3128381588625169,0.02210632211432051,False,0,0.02146161143502595,0,0.3250332748344273,0.07852792872644117,0.00790294437547093,0.7249720054098845,0.004855041325325803,False,1,True,0.05828452000331959,14,127,0.06754225244993908,False,0.009381436649586194,6,0.9333665530386047,True,0
52997,32938,0.4039592555168296,0.1660232496643126,True,8,1.2349992566963257,0,0.7442357498242375,0.2168050946520854,0.0251801828115566,0.3272001910168887,0.006303846383526202,False,49,True,0.08253313971972628,21,32,0.5031883157664285,False,0.008238428217990526,0,0.8964946068625933,True,0
4504317,1401,0.26078338877347956,0.7195825170913557,False,161,-0.0926104049384453,0,0.13942792697281922,1.0001062253623887,0.029184619749284324,-0.00138728972114735,0.7691891370574797,True,89,False,0.2621255324070442,11,7,0.7278009577355165,True,0.562542703933284,515,0.131390088872481,False,1
4398613,1102115352,0.9292472264110367,0.183586065120199,True,140,0.5681674940706869,0,0.004096216805078788,0.07881779893044796,0.035502324636258895,0.47281086733137845,0.8007558300636594,True,103,True,0.15781476040647516,2,1,0.5170245783546736,True,0.4794462716557445,366,0.3992784558119101,False,1
53629,28292,0.9309289812368516,0.9816227587498012,True,252,-0.043057190763305275,0,0.00481198897005935,0.7205978939404014,0.006131948064930604,0.9327378428608826,0.00466929188344515,False,499,True,-0.0527967590052002,20,73,-3.0197469710451865e-05,False,0.01092285846800971,6,0.18018390007488028,True,0
53516,4528073,0.9297436890270582,0.1391760324585352,False,56,0.8474795537171007,0,0.6808916975989728,0.02640852239684295,0.06346280071702062,0.5759910667683177,0.0057760422327470745,False,10,True,0.7726361746312972,21,143,0.9675837353593115,False,0.007845799291431733,0,0.9907010734403892,True,0
5094268,1409075,0.9287042934816734,0.059179307364743285,True,41,1.3156045118361377,0,0.027458067646336102,0.1024751022407245,0.02099166578034123,0.48243374256691873,0.5745605835039296,True,512,False,0.08679265957520019,1,255,0.5187358754018911,True,0.45538415189236614,24,0.6651811202686033,False,1
55351,1209248,0.2500897750557938,0.15561740012507963,False,71,0.5997479144670939,0,0.014735989142934601,0.024037522277551984,0.8687302207306662,0.9661181645040362,0.411107184347394,False,277,True,0.24492248976658318,21,162,-0.0010460754955285087,False,0.011730288931007806,486,0.602980436888705,True,0
1320069418,902083,0.43173534669611047,0.5255603741758333,True,59,0.40429659023021824,0,0.028699614433770775,0.37722583572128005,-0.1343279739235551,0.4819966084456473,0.8131218030178534,True,505,True,0.2833923541471485,0,0,0.7392025168416916,True,0.26159628522378564,59,0.9080796585562794,False,1
1317323308,1434622354,0.9950044501594361,0.04406476933549863,False,139,-0.09538620768678552,0,0.01653740791018698,0.08176085780937158,0.0048502022465298665,0.8376838599637223,0.7499000732671156,True,437,False,0.6090321281939959,2,220,0.9212751702159048,True,0.26096405071737466,505,0.05589688298329848,False,1
1724013,25811,0.9347339032113766,0.16578864839752533,True,232,1.22638866186532,0,0.6813207472717318,0.4715756966408243,0.09535276648431161,0.6902573907114666,0.3465913752418039,False,458,True,0.0399170295750889,21,222,0.018292951197825837,False,0.022425394211325105,0,0.714137942723931,True,0
52834,24387,0.23230773230824991,0.05776000214050333,False,219,-0.11269006016229821,0,0.7348196731815733,0.5351496390004645,0.5736315492173468,0.4918964789120934,0.7267958352527035,True,14,True,0.24802467646488616,14,21,0.8237515922677742,True,0.470991247993386,54,0.7493129717675401,False,1
1342132,5889,0.24395795598271125,0.1609543665135415,False,29,-0.31133163270763486,0,0.02606048862749756,0.22677162554747074,0.02914734985794046,0.5143630560883858,0.8207319801816639,True,293,False,0.24304151554611805,2,16,0.4784222547740271,True,0.9275656637012724,424,0.043510257190480156,False,1
23635071,-2372,0.06334415059040635,0.07346473405349,False,1,0.39488746344541603,0,0.26483870062245773,0.8792571258954263,0.8692660324602084,0.4791408506634963,0.7269782206873989,True,69,False,1.0526281224451095,9,26,0.01734029766879618,True,0.9855544679274363,63,0.5993290986877597,False,1
44326664,846439,0.4437915602679061,0.04454562523176554,True,71,0.7897128455590434,0,0.783659093983773,0.4647741109439976,0.06750738379342182,0.8363687923950999,0.42053900655962767,False,50,False,0.028391208309450452,21,23,0.18680579133718636,False,0.2223617313752433,5,0.3108981262129327,True,0
22168590,30628,0.25449285059190074,0.07120058651860692,True,252,-0.3323154396609941,0,0.694350096244566,0.012658072300155249,-0.14082451236863475,0.9459708592595498,0.8064808807594037,False,2,True,0.03949057292089876,19,250,0.11837979485093936,False,0.011875277189653439,1,0.9895035390092214,True,0
15255962,30777,0.4600440414040033,0.24428862629664144,False,270,0.9804073839150997,0,0.8354092597522464,0.05574472805171914,0.21989327253886726,-0.001189822145022092,0.40665067838092045,False,501,True,0.056065054232237115,20,238,0.10049994783563435,False,0.007075504200073728,341,0.040217604920486386,True,0
3721778,2693471,0.43028256893551053,0.08032014689139179,False,1,0.7086310270415304,0,0.11697894083106809,0.034846836675398396,0.008216948439051679,0.9287573408357295,0.7156186261527555,True,501,True,0.24999683195479774,2,14,0.7337909718639366,True,0.20682428569382327,466,0.8768000051986329,False,1
4300701,2054,0.08196955881654673,0.20174104488381894,True,151,0.9890045701951,0,0.032664851368704825,1.0040931018317907,0.12320154870670683,0.8328585613227963,0.7550385761824148,True,170,False,0.5680656631127815,5,255,0.3402869003193557,True,0.4726559467203827,35,0.13049321116007112,False,1
1054421022,2336962,0.9946568350823346,0.043267021507208826,True,252,0.12134891455531038,0,0.28120889581698755,0.03182953556797778,0.31027569577173336,0.15219906590675483,0.7682208277994692,True,21,True,0.07492121915892948,20,41,0.04880098690197019,False,0.009673089010904242,415,0.03147668823052912,True,0
56094,25696,0.4486980937520371,0.3013560183910492,False,221,-0.19052540577234445,0,0.005218410083595695,0.2171894422064102,0.6992647785936861,-0.13400355286590754,0.580322973453014,False,18,True,-0.00014106920834624153,20,244,0.25232676424153105,False,0.011464730069923582,51,0.3008882874438613,True,0
3824350,-3189,0.31792846614788084,0.2523489991343088,True,224,0.025373100836011464,0,0.3239167410413585,0.38991815199691443,0.10964344862941164,0.5666533248762275,0.004780283686948174,False,1,False,-4.812510429686935e-05,21,0,0.04590460683054215,False,0.007662304321903096,477,0.5498658130344305,True,0
1580548,4235632,0.291273830037894,0.03861837690028211,True,230,1.0952518440134749,0,0.828826805513176,0.20128798755774702,0.727023840314536,0.9511143136364957,0.4208665262664598,False,47,True,0.0697335645049325,20,26,0.06751111771826895,False,0.009726221625987156,469,0.31751656061018485,True,0
22653086,17424,0.41633014647931965,0.044481959444049854,False,60,-0.19197112692076668,0,0.8121905077766407,0.00999907051880805,0.11764351472406631,0.2897505132803638,0.41369206339874626,False,26,False,0.04001683139249252,20,51,0.48212637419996646,False,0.011375215672432772,263,0.3653043279837898,True,0
1667928,31664,0.44058925547554306,0.981573912817211,False,252,0.18835386798344123,0,0.005934062527770492,0.5097993195546822,0.08808288673012736,0.9304999283288806,0.412750341987697,False,7,True,0.04834734000848104,8,39,0.5117263548515518,False,0.007896768518888288,335,0.9546485260893498,True,0
-14394148,4571,0.05660495930186003,0.16747460816778992,True,127,0.5720843355071776,0,1.028442330068409,0.9832428857869073,0.004967644679513814,0.8386570739197421,0.8197534759577252,False,55,False,-0.00022797284935063174,15,82,0.90002523251097,False,0.9295724295387803,508,0.06119736649553273,False,1
5457144,4474603,0.4094539341220994,0.9817572166907732,False,80,0.6356261823696056,0,0.7741520025514383,0.030699575279360222,0.3617287035762571,0.8458416044052968,0.3063876911545549,False,16,True,0.032475149481178425,20,-1,0.21976707386329636,False,0.007723631122321396,1,0.029220587012715283,True,0
180883037,2426328,0.4518960608627004,0.43093817831821624,False,101,0.5100680792440492,0,0.011861176053113681,0.8705454656130696,0.3095918673216537,0.9176442323557711,0.9907003074770273,True,506,True,0.706477890918755,9,63,0.8629909310992201,True,0.22907573479304066,1,0.029310361570612023,False,1
21593008,527137,0.41678984727178514,0.023171836015126415,True,213,0.5563378441834521,0,0.6955878809605369,0.06379717405370158,0.4802631695458295,0.40305273791933727,0.80650805666377,False,2,True,0.11955737574628172,16,149,0.12890405202149358,False,0.005985271657433206,1,0.04238297930666308,True,0
219822435,1251539942,0.05091351891413068,0.05972857635797362,True,75,0.05974132013528355,0,0.17136676211551524,0.3622424754845567,0.006520336138201175,0.8477711055254309,0.8732916323473073,True,94,False,0.20609215287123778,6,14,0.5292135782596047,True,0.002528008770940684,470,0.9391355098445423,False,1
4312766,16197,0.08564522612455361,0.24214289880941348,True,108,0.5004989338342103,0,0.16677219267667184,1.0045474708489106,-0.09064528512790293,0.4721228335828521,0.7589402267212093,True,98,False,0.11111770154319178,0,19,0.8910831723509837,True,0.01243780196117411,19,0.05506988907483325,False,1
53289,28387,0.2749301245464714,0.06098069842093915,False,232,-0.0897415135295987,0,0.7648699240066843,0.03057016691303186,0.763175231901064,0.991178071747455,0.004629416425738458,False,362,True,0.04655460808159366,17,204,0.23603319901497338,False,0.010058679227102322,4,0.23242410472401429,True,0
18911681,7277,0.05478835584011145,0.19597687001493702,True,83,-0.16333891080121032,0,0.13741859214307767,0.1627143290798842,0.6161799924208785,0.8590934601165249,0.5738398801955853,True,22,False,1.0212972862713043,11,254,0.8193138824197992,True,0.233251343433504,38,0.8404683189226625,False,1
1300103465,5376438,0.29324373126953623,0.297700394754588,False,36,0.9443949904971474,0,0.3073230313175618,0.0403513973553957,0.11364632046044595,0.2894942792261119,0.7136483263457281,False,6,False,0.04180969451627018,19,148,0.2795989467741868,False,0.01962988453717071,494,0.9160692752715099,True,0
5102501,633832551,0.08450713665272905,0.054073671758536335,True,33,0.06624618831034002,0,0.02624536864995941,0.09778563907674238,0.5935098461349231,0.48871029870089755,0.39035256430318005,True,502,True,0.05474850834898609,18,15,0.4935249068437242,True,0.284429616814887,519,1.0003290145481734,False,1
1659948,2566486,0.995073299197782,0.022285172162817446,True,254,-0.07361261193642077,0,0.7380507864715424,0.47857158659056986,0.003583605086016902,0.5708878764152503,0.0047138336399362895,False,2,True,0.13270348156809683,20,36,0.019853473637341013,False,0.011304073058061817,118,0.965326167025296,False,0
1953261,18380,0.918894611726218,0.45173562537863476,True,84,0.9755261320628639,0,0.6972222707351352,0.4617068942829911,0.007030013475077541,0.5709949431550531,0.004683586728599536,False,10,True,0.019577858176807118,20,208,0.1704078894025407,False,0.005662543894953491,469,0.34262632003521026,True,0
54952,3196427,0.08630943260218635,0.25534330425308255,True,221,0.361000021552371,0,0.2532659167939513,0.009550984739087325,0.1247867675802275,0.9902054824054638,0.3431039906987616,True,334,False,0.02910028501084501,18,233,0.019760589100659306,False,0.019226032095685526,2,0.1323838421991028,True,0
4133704,5496,0.29412890861741325,0.042874851952810454,False,224,0.2819999801566009,0,0.7414850780330109,1.0008231352108248,0.04237437519017312,0.5296113475441928,0.703967738106205,True,220,False,1.1570689865688037,12,193,0.9617250336875771,True,0.9627354280244238,5,0.023060572523697878,False,1
9087341,3249,0.4602536862048169,0.06056781367251373,True,-8,-0.37453698020465,0,0.7510893929053202,0.0690534174128805,0.005954905197159643,0.48626212073556285,0.7751363471883801,True,509,False,0.21599607783931213,1,255,1.000961091725389,True,0.6220000058437672,4,0.022011585367522395,False,1
19268024,26045,0.41910246857289046,0.055922672881710864,True,110,0.6924013545112826,0,0.8694532533171434,0.5514594651454356,0.005371993290816219,0.8301588316678167,0.7509055608709289,False,0,True,0.01902217227865264,20,240,0.06573593167358628,False,0.006823294384849226,0,0.16544515382205432,True,0
19826233,9517,-0.07104739381566927,0.10886699130559332,False,82,0.3038676675708263,0,0.013628279332649875,0.019356083568049978,-0.059534550024697874,0.48479447805461284,0.5439319153281096,True,198,False,0.2474768870257011,14,200,0.7832818230034309,True,0.6519086391318507,85,0.013272119163512092,False,1
5375609,1558505,0.06607000643449261,0.119652455700959,True,252,0.9834789169064638,0,0.13813317140183898,0.14521109178796915,0.5783850916548298,0.521827099047863,0.702361049124586,True,11,False,0.24623770956835409,2,255,0.1838713122525922,True,0.8864293319843489,10,0.9129622331221715,False,1
4261692,-707,0.07819198928996496,0.6326834332403625,True,80,-0.13536231819875677,0,-0.02354909052037088,0.7552580800336858,0.03522086500419687,0.5001853774811953,0.7680314952562466,True,258,True,0.11885143300255213,2,226,0.030660275637379858,True,0.4670730457233525,19,0.08081252019968478,False,1
1112986328,2746480,0.9304050397452954,0.07039120657924386,True,138,0.7775968951830345,0,0.005109407514315087,0.07429545090443482,0.0037013873624626697,0.5033634479236782,0.7137091527396239,True,96,False,0.26251224553571584,0,239,0.9521421887214269,True,0.0025334355008897855,20,0.034864018979653924,False,1
58623,12942,0.458361062755817,0.16507267202038914,False,29,0.3764208740110101,0,0.030402484695820582,0.9998071652786322,0.04451420271831892,-0.0006502145959460187,0.7850094120835613,True,514,True,0.05873769811995487,14,11,0.4169873902178895,True,0.48470877389218125,31,0.052784145651995636,False,1
4681190,634966395,0.4248679040369004,0.05354310138282336,True,94,-0.19475145567981755,0,0.012772167704186776,0.023404758936182754,0.02550280352384015,0.5534485899221675,0.4155039477010129,True,506,False,0.0838582166722706,2,255,0.5216763885547182,True,1.093500337862986,253,0.026744300161056972,False,1
509675803,637903479,0.04935629100090491,0.208100354259697,False,35,-0.3055791305057335,0,1.0262898638965097,0.9297535982789303,0.005178061913084301,0.85025386938018,0.7745392262383526,True,511,True,1.0452210921570884,1,255,0.46734124519040143,True,0.3600336712570351,507,0.9365851675493551,False,1
4407157,444540861,0.45817308937947304,0.2989408647421107,False,230,0.12484920599769128,0,0.0024804485943350912,1.0052509131432845,0.3828651964246913,0.48216467828730725,0.7213742434565115,True,234,False,0.171342925733651,3,245,1.0021440844752332,False,0.020088515344219404,57,0.3987620978330365,False,1
1602507,1171598025,0.30843174545151875,0.02201044548163864,True,62,-0.09219265458580783,0,0.16162848934719531,0.6026738327210073,0.4529027582230911,0.04276148694412932,0.3838365351257112,False,23,False,-0.00017423790690535517,15,131,0.2046218772072298,False,0.02105567808464173,1,0.28712789472901373,True,0
4887966,576008277,0.28217051235821167,0.606052199732275,False,66,0.054229268239209816,0,1.1529248434283446,0.07522895123588985,0.004687051503294253,0.8407709233572552,0.3925633074383974,True,508,False,0.2599372121112369,1,247,0.8719393727053673,True,0.3813553690579421,49,0.828540532355447,False,1
54671,15035,0.29393242491261645,0.058647900920334055,True,109,-0.005974390168422716,0,0.8608437904196454,0.5169578030443603,0.05520420552985353,0.8474736211788362,0.005862688937980753,False,4,True,0.059291197653591636,19,21,0.056344769339087955,False,0.009783948899125788,14,0.782637187317763,True,0
52854,3441925,0.9248121991791443,0.041276907061463516,False,-1,1.331013092567387,0,0.005529440620382173,0.027087214412716495,0.4137758887718441,0.9914421333525659,0.8146806591379184,False,63,True,0.03310327413193421,20,115,0.4521672795753683,False,0.02367275128456605,418,0.8335620324455824,True,0
7571459,7181641,0.3035318820014356,0.044621900962399486,True,216,0.022713849351194915,0,0.8194022268564636,0.01254978040031113,0.12248497986701698,0.5698482028993781,0.5878371323171371,False,0,False,0.05763303928617891,20,2,0.13788653484500157,False,0.010172868413111545,339,0.2683397037786036,True,0
57576,27774,0.37066864221753026,0.17523020129720607,True,252,0.8673052095835169,0,0.8412717023694396,0.5088831565588484,0.12966655296236215,0.9459772129004691,0.4609325750286704,False,24,True,0.07478894950063988,19,40,0.0286942826832342,False,0.008386620131024303,116,0.9915506802096756,True,0
429778983,42611,0.9948228025359042,0.07264991794077312,False,11,-0.23016657597427903,0,0.837752852320899,1.000760836826598,0.7166605691154462,0.830949365050565,0.5709328318482966,True,94,False,0.14843991329104542,19,226,0.21157597039339712,False,0.018374405681404554,5,0.028073516514419097,False,1
16590256,26295,0.45828574069418737,0.08145271592037912,False,81,0.35324744033828254,0,0.0272628944291589,0.01282978203619561,0.912758154103676,0.4731084454128781,0.0051730884992542536,False,2,True,0.01880120402339679,18,-1,0.10818569925000529,False,0.011315254530846907,435,0.8050583918715735,True,0
7489291,2820340,0.9334073021264091,0.6140196022927182,True,252,1.044909998907737,0,0.7337093608173797,0.01143814694073368,0.003894241871061397,0.9720317670778955,0.693173420124863,False,4,True,0.07570729377758477,21,254,0.026965407175886566,False,0.005736461290025399,432,0.9729665682572758,False,0
4406255,10994,0.9948220098054058,0.05705798540017983,False,215,0.04292051862368235,0,0.9485188675925047,0.7398216387453285,0.5803811636889481,0.8505780076483016,0.9658330058240965,True,507,False,0.20122466445722115,1,118,0.6690322113144325,True,0.5014295626264886,38,0.38967946161294154,False,1
53677,17971,0.3304519947061265,0.05860918118683411,False,228,0.0409846569754313,0,0.6909614780790091,0.9296458031005727,0.03299985472639634,0.9992754681757902,0.2981234245334614,False,1,True,0.061919505808842513,18,253,0.4729935832590244,False,0.007500381096756287,494,0.11227945782470279,True,0
4834066,3073,0.06008479833142469,0.08000115313022856,False,73,0.011533636496599886,0,0.3009501000881503,0.1476728356043033,0.1283450396637347,0.543381026918389,1.1445379188759865,True,499,False,0.26269679704983306,3,200,0.6665109923507976,True,0.27818481333687284,26,0.06829164800011209,False,1
16368588,7949,0.1042711189392107,0.20897616507127015,True,28,1.0877272257405979,0,0.016982366846133773,0.24606238238490447,0.030134244379848303,0.4776444445395054,0.785403519372811,False,89,True,0.028896392216435383,3,139,0.8215664009619814,True,0.28407314301402864,6,0.9725879442393923,False,1
80142958,8848,0.22620256538757533,0.05747987217130641,True,88,0.9933292835847491,0,0.016191382677798842,0.020852489389823356,-0.07564873510039355,0.507075529428289,0.932427960727627,True,102,False,0.12448954876836785,6,43,0.8963386016004372,True,0.23002166488426723,453,0.9135576515937333,False,1
7859457,41926,0.993723150999429,0.058219293674392554,False,265,0.12176543950924618,0,0.026967868170462997,0.1235451301381878,0.6600902348734323,0.5885909951134904,0.7830292155427837,False,46,False,0.054285542818282906,19,220,0.008151563951765623,False,0.008370891397671231,1,0.7540653298448275,True,0
1594128,494141,0.9356546317542741,0.5007624506504368,False,70,0.5402699051011433,0,0.7809960942266078,0.020072853890064087,0.4618696577763871,0.18839163815787824,0.34647879110638524,False,8,False,0.040264752164877085,20,32,0.1344378074681338,False,0.9869771911686799,2,0.8294894319393917,True,0
364590057,27066,0.9946305900691299,0.05960316079778825,False,251,0.4874393017827733,0,0.7873201765188543,0.3379633935820946,0.12260164713509952,0.6455803692388354,0.5139580443946236,False,2,True,0.16992163147035413,20,128,1.000551577434015,False,0.9842835134117458,478,0.06304338844597819,True,0
17712201,12464,0.235450121079335,0.6642112654278551,True,54,1.0551069421863004,0,0.8420862098489122,1.0026518669745605,0.02980795782191037,0.8463367719890612,0.7511221367045993,True,20,False,0.26221506691770075,15,255,0.7737641340180628,True,0.6767687969038014,511,0.24198722796022784,False,1
1310667094,6927,0.4775096563543338,0.048448783860952395,False,229,0.7725565675160246,0,0.1579883324035467,0.8092937214701162,0.5802119984395241,0.9909097619348017,0.005564684474498663,True,505,False,0.2644537024391352,1,2,0.0735953749595024,True,0.5121956085025181,47,0.016646054802605663,False,1
1740242,1586594,0.42509017615523315,0.17560057314509525,False,166,-0.05726517443800905,0,0.017173773954379128,0.5227765476148347,0.01608477760167676,0.8230801180310889,0.37663447194544064,False,7,False,0.03879712163238594,21,254,0.06653820506944909,False,0.01008571427077665,23,0.38189348773152754,True,0
1703303,31190,0.9300604257678105,0.17859837075080756,False,263,1.0574948629906789,0,0.7445045800560086,0.031878196763075566,0.10853172540105899,0.8459644722294133,0.7170039253268357,False,2,True,0.2456037571466018,20,209,0.047208906824919954,False,0.009495701109468603,427,-0.0006614740931584185,True,0
19766889,4191606,0.047004304607415455,0.16830899760112294,True,1,-0.0320684095811008,0,0.004793121757007644,1.0018503483290497,0.028340052343289103,0.4742547410023088,0.784199434492346,True,45,False,0.38501355757645217,2,0,0.8852437140306991,True,0.0005989810000593954,30,0.20209135888256208,False,1
1306441201,5762449,0.23814648218251583,0.28794482029410784,False,90,-0.1459474778646621,0,0.8703321660701117,0.11983971139089239,0.06242564810383164,0.47271634754176955,0.768031974687412,True,102,True,0.2512846161319543,10,5,0.7164220199966312,True,0.9308447722610772,500,0.17532763999125717,False,1
24260376,42590,0.4210458003554325,-0.0436652120063149,False,228,0.7546576928483666,0,0.024487391350148505,0.5073901966448074,0.5989403415154319,0.8048021363364859,0.8425852274855032,False,0,True,0.04071052114827372,20,202,0.9913149832850744,False,0.006577788376481123,287,0.7244033911262722,True,0
7208603,3785023,0.29761383500612043,0.04121856735598794,False,229,-0.029868880714563395,0,0.11587411978386555,0.020972831921404783,0.0056525879121392016,0.47661384982169686,0.7801257846728487,True,337,True,0.49481086791382284,10,49,0.8506066650514842,False,0.005703612511495454,510,0.03647187810768394,False,1
9352795,2557,0.42645573541954407,0.23459419974509496,True,166,0.4224568512181743,0,0.14138622506460735,0.2326772783090823,0.6728285147090434,0.5417815731230162,0.5392438818903065,True,89,False,1.0498969921132444,9,236,0.5265953997970524,True,0.5667305313583253,13,0.8082716793991276,False,1
3762402,34768,0.46098686033732084,0.04455381004058346,False,215,1.3401293355842978,0,0.7105465922049133,-0.000493427538137256,0.5751804017258577,0.8514948139524923,0.5730057267795556,False,16,False,0.07331374600596137,17,20,-0.00010126603591869378,False,0.00833359449654235,6,0.9550166069403067,True,0
388678590,-2836,0.41296419855696775,0.3029516637357133,False,77,0.19254301430981424,0,0.004815145499360237,0.9862392920744458,0.7764753966096107,0.9767575000009013,0.7911393733994354,False,210,False,0.2654657360811956,16,193,0.11520974364480577,False,0.00678530296729069,9,0.8903362854995251,True,0
5137005,556228319,0.07328958140659264,0.24937598661506227,False,106,1.3639591068316825,0,0.01835326711741675,0.05533041679097612,0.0713824041584043,0.47659307811415974,0.9108280592776595,True,103,False,0.47158540913376007,2,43,1.0002515134157446,False,0.3792814176482079,21,0.017176726915818164,False,1
18368226,-8232,0.05047971416302852,0.06099119975790048,False,143,-0.24566143747333657,0,0.008012419450942183,0.14274208904143604,0.4531659358539861,0.5135388606615897,0.847295923464593,True,499,False,0.0798087987387247,5,173,0.4786299868958486,True,0.010937917682330739,4,0.13258051931830672,False,1
7203063,26212,0.9949392182040773,0.002082929854725357,True,-10,0.4930391766657281,0,0.7709335767728405,0.649486936737286,0.005240132611313799,0.837826240503714,0.005097884928083883,False,1,True,0.1543393215707864,18,136,0.16769369470802473,True,0.009945280523437438,281,0.2718259561676503,True,0
5679297,4418,0.26212055704389103,0.04018377099916788,False,50,-0.11305926898791696,0,0.18932710740136108,0.17442144683715263,0.13535914734144247,0.9906431295196807,0.005671209937822299,False,471,False,0.05674605413086404,2,255,0.018709740337454026,True,0.9849066787444073,501,0.04300980769181929,False,1
4798409,1393,0.2615316907562364,0.040564186179222195,True,54,0.09786536428862658,0,0.025173366189811114,0.0618341099040206,0.8178271717709872,0.5254536975730575,0.6874556172716358,True,509,True,0.24698316976167206,15,227,0.0902544945611947,True,0.4722042911010521,8,0.047731737149995374,False,1
1704235,548075732,0.3242263085424002,0.45047810791709375,True,101,-0.33267228539698024,0,0.7788325205956255,0.07286036152950459,0.7419159409975548,-0.00021206868231005981,0.4495484008311347,False,26,True,0.0394088437776293,20,55,0.4853527008682205,False,0.008250413738905322,1,0.9049726134194243,True,0
3941433,17197,0.9937843947561611,0.1610511804597979,False,123,0.4586856749113723,0,0.026801850350773163,0.3359593034950523,0.1375301318380621,0.5649182596262506,0.7064438483561613,False,499,True,0.07290205115761907,18,43,0.011484641258175748,False,0.02527967785983369,1,0.1273142386467907,True,0
1584401,-1372,0.9943973795817997,0.04996462693161235,True,216,-0.2631174478367331,0,0.7166905646176185,0.013722276965485888,0.5451081387090276,0.9383002898398521,0.4731518587344922,False,5,True,0.04039289783078596,21,0,0.5145355546954287,False,0.010759898379682133,0,0.9601545837273205,True,0
1235120961,39199,0.0535449833320378,0.04110231124491314,True,161,-0.06490496989000405,0,0.024074792202055998,0.8121898127878582,0.388026654845553,0.47229456983207174,0.7282780096568222,True,85,False,1.083607783733378,3,83,0.9465189515680925,True,0.6700781065276952,51,0.008446216208489576,False,1
3701204,541644155,0.9950342822529188,0.22844935099594382,True,223,1.1064815134172388,0,0.2345369980322643,-0.00035460540134316353,0.5070279368583718,0.8486769467178767,0.00472268012240684,False,432,True,0.04229998161989493,19,57,0.9648115472756511,False,0.02024606223590839,1,0.9906546061614189,True,0
527222127,3351,0.2788573656899067,0.17879518627076518,False,77,0.7035178523565776,0,0.16828897099391354,0.8541490104917475,0.023424252458942748,0.47377901586676413,0.8353262490099761,True,233,True,0.25051612153448566,2,244,0.5166453265829595,True,0.5094805157598875,53,0.02167789017911382,False,1
5472406,2990,0.28952224524042897,0.655955566337883,True,70,0.6054547753445207,0,0.7364585941783324,0.07728588655039714,0.02122242763010107,0.5222885423871321,0.7811730216954799,True,508,False,1.1226984408072433,5,255,0.9910715280390582,True,0.5125936970454883,23,0.03135204188083923,False,1
1695758,18052,0.34926508129902384,0.043716223091761756,True,24,-0.047993087296089865,0,0.9473123345185144,0.06218051547199537,0.9105967649915361,0.9908409251913487,0.6113221606533876,False,290,False,0.07128028027516262,20,215,0.11689760444609007,False,0.0063234187595286725,433,0.9917832648382101,True,0
7844800,881125,0.10223686289596703,0.11134670386432564,False,261,-0.08342645863565212,0,0.8461912589142445,1.0051827310721166,0.02038401905309952,0.4765814485954193,0.5729220518905599,True,243,False,0.2613767326646548,15,255,0.8819555360349565,True,0.44446933047128045,509,0.044293944364181576,False,1
5500474,31505,0.4013192376255358,0.058332564175761235,True,86,0.6804635865004109,0,0.8978617096598567,0.024487397551380255,0.2846333737608039,0.9518475742460542,0.6123229911078591,False,42,True,0.02979815482360887,20,254,0.1544202727300388,False,0.005875054379423433,1,0.02991294879150481,True,0
18470850,1243438842,0.07668465333765331,0.44371698489481687,True,213,1.0384986112106367,0,0.817139456843343,0.24847376784824757,0.005405006844290605,0.483648637803742,1.0260250580729036,True,127,True,0.1118803211667664,7,237,0.4948753022793523,True,0.6247482763145081,18,0.6478622099796156,False,1
7288930,40150,0.9941867690623798,0.0409493631958504,False,48,0.025276100048527317,0,0.006820294288384439,0.24080455251935984,0.8429063509870652,0.3933395095024694,0.004794427734128126,False,281,True,-0.0654548723982334,20,155,0.35333885990654545,False,0.02093138849507286,1,0.6583493603145798,True,0
55513,1355556672,0.9942178807827088,0.044798341846108966,False,228,0.5461042461901153,0,0.004867563249496177,0.12916758068066173,0.144154940781694,0.5655822944477578,0.005120302302390068,False,42,True,0.019461702538051063,21,53,0.03904550757365862,False,0.005521964526010166,1,0.9918396516014466,True,0
7156059,1244070624,0.09524773720181356,0.270292415247818,True,39,0.34312658804743323,0,0.24017852499829276,0.22942689291317137,0.8919945902907397,0.26225077562271454,0.7247266716491099,False,2,True,0.01890320622593243,17,238,0.21527367324715424,False,0.008728501993741688,1,0.38292824515567453,True,0
18211471,28317,0.3652857273937007,0.4442772324407065,True,145,0.6935729206206778,0,0.7546568261356326,0.07884039513987207,0.008381122090849572,0.9908640953719986,0.37677060782244004,False,6,True,-0.00023574018799974293,19,5,0.007603862134669887,False,0.0071493710209008755,5,0.6667618024572828,True,0
1227282,434314,0.06682888421177247,0.04106514197609802,False,213,0.37347953100832176,0,0.736111068016772,0.5019409564956765,0.009013628128018251,0.9351352306162978,0.0050259411890776545,False,0,False,-0.016406645027471134,18,145,0.007729162554710697,False,0.007481389995485778,455,0.9897616396025931,True,0
4587674,2099426,0.29826545034725777,0.054525326416083805,True,252,0.010837036245823106,0,0.7044711653960484,0.8812476624454714,0.07801887309987102,0.4722770493427916,0.7837360118012796,True,98,False,0.24601519506226777,13,83,1.0071242209070612,True,0.2047198884027924,25,0.021072670266993276,False,1
472848273,-3588,0.07486686332996692,0.07266859690718887,True,45,0.7920536049475777,0,0.004996499091329431,0.36481503034646334,-0.0773973705779949,0.5479797331178787,1.0223592295494601,True,510,True,0.2603052538276115,0,241,0.4904116153731381,True,0.40138968638131123,483,0.04473515909443484,False,1
1621738,15480,0.23420224078926316,-0.0002807561162290195,False,101,1.040190681408839,0,0.6999295607686755,0.4513701681013596,0.11957096924536278,0.8191655265864365,0.4217809846500653,False,19,True,0.0772826216057583,19,248,0.9906013507410981,False,0.007838206166895064,0,0.9921835536379282,True,0
58774,13597,-0.03100758680880522,0.04472795431558131,False,48,0.09370008968964055,0,0.8319771286922312,0.0430876342287594,0.10098489258691312,0.8433572784563802,0.4389446641071272,False,2,True,0.05535142871517773,18,218,0.0825693809247736,False,0.00841489843229043,138,0.356210687187273,True,0
-5703977,1040600,0.048556140330739246,0.054279461886583294,False,228,-0.25641799798803944,0,0.28762542688099324,0.0385000450103947,0.1397980393773856,0.31052764913486747,0.004606703555171488,False,470,False,0.5409349074735681,19,0,0.9298534215537269,False,0.008579706900853044,19,0.38454867837404927,True,0
810479378,41971,0.4609798859748505,0.029646067816882893,True,252,0.004066416627898861,0,0.004897884106594269,0.06380731649457062,0.8180279046069916,0.9537116779690968,0.004898487563203039,False,8,True,0.05195542201901546,16,152,0.3788261787860151,False,0.01120161490511503,0,0.40105935799429715,True,0
4248870,1370625348,0.4551723461223334,0.04384988143334966,False,215,0.3332175267424046,0,0.33612572233384747,0.053273524911728036,0.6575269065316255,0.4197022348960428,0.005145046889873122,False,23,True,0.9710102290939904,20,66,0.1166813386958333,False,0.006352389674881586,0,0.10212296745776347,True,0
20375738,726642,0.22916814372553762,0.23068872118937023,True,52,1.1270335237376379,0,0.6392099236242031,0.4551207049087934,0.10762605156077376,0.5654008026073402,0.005282280656057038,False,465,False,0.04147743669744751,20,200,0.36468912178402096,False,0.011767978752881464,1,0.3542194296032742,True,0
-32373514,753292,-0.029046142137039932,0.04617923110545134,True,93,0.15217254281006048,0,0.661152819055498,0.4771315591259301,0.24801239114536755,0.9906806527988858,0.004983445914618081,False,35,True,-0.017687468351604965,20,209,0.9196038774425105,False,0.0108354279055036,517,0.10739805362913962,True,0
66950070,25519,0.9944181364267222,0.04354775166031749,True,34,-0.0375640496731362,0,0.27861518636667726,0.5266099063847214,0.10338997319450807,0.5783894038794242,0.4440484284826674,False,289,False,-4.0945582165698876e-05,19,114,-0.0006938071540301102,True,0.011408990575816595,0,0.3886866987138299,True,0
4051606,27978,0.44307655904478566,0.043285737372628016,False,252,0.9444246374257383,0,0.018353741900116037,0.46756842957496764,0.22853214433079191,-0.00126961127640638,0.5816507882477158,False,281,True,-0.06228941408492289,20,205,0.2623554659635419,True,0.006128811127374979,5,0.9563665482557528,False,0
1196685,-7253,0.23308194869934937,0.0691653822218897,False,79,-0.01983992241246879,0,0.030549118376876197,0.08108541348082751,0.005202263432951272,0.4831349892734773,0.7654314523838422,True,512,False,0.2610183631400595,4,179,0.9133538132320145,True,0.5110428101317481,22,0.5243434979576728,True,1
4715033,3899575,0.9348905508417871,0.052608178429226646,False,40,-0.20972456931944294,0,0.9201862687291306,1.0059994271997006,0.442390928526488,0.5226845962137115,0.8701204027771781,True,301,True,0.2615123710653993,1,200,0.7594171022043776,True,0.5172643993723324,23,1.0036962073695292,False,1
1780079,-9294,0.9947863644324919,0.04556189012666112,True,212,0.5937732883485353,0,0.70492630891287,-0.0005619042837866643,0.28683331566391557,0.5666949758529214,0.005001135256545251,False,1,True,0.05111779660814263,17,35,0.24131547677769866,False,0.276329793391757,0,0.939794068985951,True,0
99514316,1967927,0.4610645944253788,0.023669881414289183,False,41,0.7665675700293516,0,0.2807101104451949,0.21757037554813613,0.263703492641168,0.8499836297350243,0.8343728574758156,False,349,False,0.04134656478342438,18,129,0.039796125928753104,True,0.00786975262974952,238,0.13341446509279659,True,0
1675691,29980,0.9948030259346674,0.04347429108308859,False,252,0.8807306732554576,0,0.7204621260251889,0.05781026975826559,0.6483266889667136,0.6428782517164471,0.005204303368749828,False,20,True,0.01976926702300196,19,240,0.5244781464899176,False,0.007246146459211311,3,0.9906701143733831,True,0
361531457,8642,0.2860881651584687,0.07706444240876674,False,158,-0.1901247204598837,0,0.004085787362557242,0.0689039141840179,0.00476392441313218,0.4734368632867769,0.8073572556487886,True,508,True,0.019433320765095782,7,22,-0.0011971050295347856,True,0.5089692691659516,27,0.9166802129094532,False,1
1807863,33130,0.08063464807856559,0.07196028282073365,True,103,0.6567629689798721,0,0.7841214148763075,0.988690589768336,0.5259084351132071,0.8522720588844048,0.5706811254158053,False,0,False,0.0595710873279723,20,144,0.3182817351584721,False,0.011007679532511618,468,0.946416891252251,True,0
52901,26209,0.3679361798952248,0.04157112892792958,False,215,0.45732804954145295,0,0.7518098517872204,0.47952654198618333,0.29920898738521795,0.4937669949107799,0.004798001469279042,False,4,True,0.09102514534181369,16,42,0.0477057493686386,False,0.010576813116095108,431,0.9904139048767674,True,0
59506,39385,0.9319668323424534,0.24276316814291957,False,249,0.5208905416499686,0,0.7907411955780742,0.07993883219839858,0.022682817473335257,0.5908084673639576,0.5210007119651962,False,275,False,0.2515945479171378,16,40,0.0511819374803958,False,0.5116142168200918,5,0.08893128490056182,True,0
1645389,26469,0.995045598278019,0.13360330059596087,False,252,0.14296909380020534,0,0.69492208765671,0.4251568005845118,0.05246717189127377,0.8335045040067036,0.004848705911902336,False,2,False,-0.015226853885528836,21,54,0.49230970834610227,False,0.01055322323270438,64,0.01952656913434283,True,0
24463585,31752,0.3315184612987616,0.05846604772716102,True,63,-0.023962785332686476,0,0.862195106011346,0.02464232563719982,0.5466076810595594,0.8273565812564612,0.005512953878176994,False,50,False,-2.15883449445436e-05,16,5,0.13769456014085718,False,0.28679926255665195,420,0.38811483102440575,True,0
623740257,4438927,0.08786706454013114,0.16002450899170823,True,97,0.27380062729412125,0,-0.005438013762361568,0.4617245568010003,0.23613904528035035,0.8374333515637963,0.45849096628194297,True,508,True,0.26482469254617724,6,232,0.9199071803726112,True,0.0005400985044732298,54,0.9101668667253165,False,1
15029670,-10406,0.9302455005183006,0.0753354543767148,False,119,-0.005215995975110799,0,1.1385662314763514,0.09946966138514439,0.08022902477175328,0.14339735962874392,0.004639249508252011,False,47,False,0.42032863452459046,20,-1,0.12730905228421213,False,0.01178455170740448,437,0.9897382267109196,True,0
-177751994,40036,0.4582114357680582,0.2996010118461149,False,-3,0.4523601829468812,0,0.8752716540961525,0.3692258221856613,0.3755617302330931,0.5670121698346997,0.7051963851340252,True,9,False,0.2415719319019745,20,64,0.5094031736992877,False,0.011811429218543919,0,0.013849614901110828,True,0
851119223,574483993,0.29124891058818314,0.07730207017751713,False,110,-0.308375979261837,0,0.23452120217321598,0.22168910906791023,0.036528927957895654,-0.0007238403523060162,0.6890618091470964,True,508,False,0.9587733969057699,2,4,0.8507922546386693,True,0.4528733709888003,453,0.03166683181853465,False,1
1277403,3713,0.04551288469222406,0.042076451494813295,False,93,-0.08836052700789887,0,0.010954206332489452,0.4741308100514583,0.5948276678332495,0.47440909352347554,0.7739478978091436,True,89,False,1.2034123328643758,2,130,0.5272138990855877,True,0.6942336711572153,46,0.9345206560141747,False,1
1263003824,1222052491,0.05977572170913503,0.222327527526606,True,136,-0.27074261229729113,0,0.2748671262146234,-0.0005611979885332597,0.023181800881523495,0.5016301783368551,0.7111983214780344,True,508,False,0.14554453542265208,8,216,0.9428982390347901,True,0.23123847213589782,454,0.02474917703266119,False,1
-85517168,16244,0.9950823453277369,-0.1173791000231712,True,222,0.4474674115454428,0,0.8868954365733307,0.19899004261526754,0.16040266356514835,0.031624130482269364,0.7836294400512301,True,14,True,0.03141182956638765,20,19,0.23127640751942288,False,0.010027586909480482,4,0.9907311847382569,True,0
4910748,7341,0.0798579292088485,0.17170648396274374,True,132,1.021814828544141,0,0.005733042497859912,0.15987866945657514,0.35009482923544605,0.5083002609305217,0.8567416250042503,True,88,True,0.2504118533438002,3,237,0.9771385788714485,True,0.5114656855207931,44,0.2930459303193804,False,1
55199,40109,0.33403482093456344,0.04071775201641583,False,145,-0.09785075468440962,0,0.801005760719779,0.5683947964645064,0.7204327769474257,1.0017507622769757,0.4287172252074348,False,1,False,0.019328310241681884,19,207,0.10174285152723565,False,0.011468201119918016,273,0.9917728153410563,True,0
4710939,5219313,0.07480178624360756,0.06962721497381762,False,252,0.012452183035840947,0,0.18036133013253444,0.40015162675046334,0.12596305109474012,-0.000885183024813073,0.42373540111933367,True,506,True,0.25983332705959544,5,1,0.07615830454378637,False,0.986742003911729,70,0.01162806574668399,False,1
5683513,1232004148,0.06777336626079732,-0.02213575367296261,False,47,-0.07034676318865851,0,0.016159243022982876,0.2520206690677617,0.00525107263666674,-0.0010356676576116536,0.34734052940924837,True,0,False,0.24999604707686238,1,113,0.617763070808115,True,0.01761295459760112,26,0.17516598854764995,False,1
6041214,32517,-0.0686559954516216,-0.00933135885944747,False,257,1.361834563514677,0,0.19859242577215283,0.3596976231263112,0.12597977446341518,0.15861093070949933,0.004617293202545772,False,0,False,0.05283677163739307,20,149,0.15247243174489117,False,0.009369267664284609,343,0.03958958284898851,True,0
7743328,28517,0.43597990821406357,0.040723952771097985,True,226,0.8280495757785489,0,0.733395591065145,0.41153254131571015,0.5493820006218856,0.5815181199920464,0.004699462610760181,False,1,False,0.842302060690242,20,252,0.047235165169082556,False,0.9863058782014035,17,0.8781904155909183,True,0
-5503892,30705,0.26892634635901946,0.9805069883706085,False,53,0.6173399333084202,0,0.6680922572120527,0.07417439010147939,0.029997759625264256,-0.0005778584389443443,0.005145177403604794,False,406,True,0.07538378160395957,21,5,0.035628208945304655,False,0.008059294677191176,1,0.7739195417327169,True,0
5046031,39972,0.036598897260634686,0.07295300456428813,True,232,0.13140400107118272,0,0.17503890312051287,0.989947763057463,0.0048534284958573915,0.4738743768228024,0.7831276896076569,True,305,False,0.24203243349100056,10,137,0.4354105377247857,True,0.5747222928881424,505,0.024345167098163395,False,1
1102695466,40034,0.42256187480699303,0.2667473322875153,False,-22,0.015427719481869162,0,0.013334212647961337,0.5585512735914302,0.5536965641669789,0.9326106800626732,0.00481958502990267,False,287,False,0.031233157548824584,14,232,0.037192589777137436,True,0.011377507814974383,427,0.812381893773517,True,0
62121,50170,0.4598890431952177,0.02777844854135043,False,214,0.07114609016119011,0,0.868682261555862,0.041516938040113714,0.42916960780307917,0.42391143245763496,0.5697191310550305,False,498,True,0.030748616487774216,20,208,0.24600390204487368,False,0.011919814759629862,1,0.1516851891373509,True,0
441785120,666552614,0.2261740791606146,0.12615385840932902,True,226,0.7600656591782671,0,0.12637876612858917,1.0001710823912964,0.1175078076098347,0.90163062583936,0.5692580278619352,True,28,False,0.22136339756851978,1,3,0.5157303958722764,True,0.0028021174231240777,501,0.37586418565883306,False,1
-491620,26896,0.22947625338380717,0.07763720801898927,False,92,-0.03637679514855363,0,0.7202965562814843,0.09737857293122062,0.11247203850533491,-0.05831365969008345,0.005346351977626767,False,57,True,0.019446143848095267,16,103,0.1188414074940255,False,0.010151536215262125,1,0.04249056530484882,True,0
293176868,-4749,0.03622764296197761,0.07407281450977546,True,56,0.06206354394592978,0,0.02775264603118035,1.006918482128689,0.021454845472405573,0.487000022869999,1.1182319771268903,True,142,True,0.12131589428145328,4,242,0.01689940660743485,True,0.47483340991927614,435,0.7248727006730671,False,1
4606283,5599887,0.06162760817415802,0.2858737482950392,True,212,0.23303305641418304,0,0.005645217920158013,0.4965761576610633,0.0855340196485554,0.48402405160427797,0.7673982870575501,True,2,True,0.25218124339367937,2,2,1.0026219867221045,False,0.638643299054084,514,0.016237377155342146,False,1
4139156,40108,0.36501348963510316,0.222324948980212,True,231,0.20895502239151525,0,0.9573233013688557,0.6263606295615417,0.27887374688532396,0.8499784624217734,0.4161407038310779,False,4,True,0.04685484786314999,20,139,0.02497025690129144,False,0.02220803396306415,0,0.24105134938194112,True,0
1672963,29737,0.4332644864224689,0.2785611816751834,True,252,0.7189459320718286,0,0.7978985549479898,0.14418851116006068,0.5527448050167888,0.9887407711445823,0.5734499902992702,False,0,True,0.054903791019725715,19,27,0.038644792036267576,False,0.0102074331750557,1,0.8090173202159127,True,0
1638080,38136,0.4216750497223082,0.9787176956609515,False,57,0.5915263362759713,0,0.7916790273701615,0.4218341047869554,0.14982070565996708,0.9409875089414371,0.004957777337330074,False,11,True,0.04217000109234275,21,39,0.0568279597811087,False,0.011748885149590702,0,-0.0008851685092836548,True,0
8495652,598100635,0.053428894533575154,0.711272833151565,True,219,-0.03432262934441288,0,0.8314996941898272,0.036475197588588616,0.4631922927811493,0.8408973860151074,0.42302440672120145,False,361,True,0.032498764321294726,20,53,0.17961691333010973,False,0.011891007141253835,1,0.29035857010329347,True,0
4535636,8934,0.2402141175997632,0.981698645783038,False,142,-0.3752625458149422,0,0.8007226656560507,0.17517406905961824,0.5591951156283922,0.48187920506563087,0.8228838612929085,True,267,False,0.2635273929274815,6,255,0.643576977412428,True,0.2740660252270475,1,0.41550450822765905,False,1
1185299,2464540,0.433590728357484,0.07769195770090047,True,167,0.06942819155236263,0,0.0027832784902247915,0.4961809691907662,0.18910859055702922,0.7299070042051188,0.004626474599560111,False,0,True,0.24506372297513646,20,90,0.386728881728149,False,0.00944024211019459,480,0.9919968332530875,False,0
5422117,491274732,0.4327124717881433,0.060815299944090906,False,-23,0.8488641824403859,0,0.7556745186637297,0.46579267686974385,0.02725837816680514,0.6085278914075277,0.5230366524750123,False,11,False,0.06247284488114481,20,30,0.045434082580824375,False,0.23290592312440184,1,-0.0007358951916137849,True,0
7640498,555411465,0.4361712155012202,0.02457619798310754,True,40,-0.365868649855558,0,0.014563347719079496,0.06344415207476853,0.009758696576450385,0.845231376385845,0.321584942764516,False,16,False,0.04850345895084157,19,0,0.093704280976854,False,0.007508174888288085,10,-0.0007873340377455936,True,0
137272704,1097612069,0.05849843977871042,-0.01265948508292758,True,223,1.0885257585020076,0,0.016809775011520683,0.09716217735833209,0.004939952340144948,0.9903534560239099,1.0384098721724455,True,228,False,1.1052908231753302,2,14,0.4607574441082751,True,0.47679996367041955,11,0.06508586253579211,False,1
59093,37551,0.41970763649867737,0.05777325015978287,False,97,0.6419797876988209,0,0.021675923507272515,0.06583513664176055,0.8397732594483915,-0.0005162070870617503,0.30861889688612576,False,49,True,0.03989350116436276,21,227,0.38886804861428953,False,0.2026030542169015,1,0.09685731521613589,True,0
1186161,36564,0.2962816737679371,0.025361086303772144,False,110,0.019121942662420177,0,0.00507314670169168,0.049472171444672246,0.08189399303602418,0.8379160977013286,0.4844059095412274,False,1,True,0.04387814727742834,21,36,0.5278007717084823,False,0.006730858161445731,11,0.8765138880537651,True,0
12937795,13217,0.0855775073073173,0.7100868104416289,False,139,-0.27867947277742156,0,0.1782265049013055,0.231481910581953,0.004868557010781338,0.9395857657081281,0.7203752396735313,True,507,True,0.2066808549407435,8,241,0.846441900995851,True,0.20880355501643424,47,0.030564453992807453,False,1
53770,33986,0.24598269145554308,0.2471487778155918,True,100,0.11837595403037354,0,0.8327821305336733,0.483216261720912,0.449432579213755,0.33863955499689924,0.7236722587259714,False,56,False,-0.00019290888179392294,20,66,0.049757723369630164,False,0.011704614560639185,183,0.7124389400039275,True,0
59137,29436,0.9286762651160673,-0.026723839656229265,False,216,1.2059958237582067,0,0.869803434461503,0.03370307791329494,0.5614739906860813,-0.0008886460434511315,0.39558435236651296,False,274,True,0.7858731432603816,17,97,0.7798689923736872,False,0.010276609129223187,0,0.344807041494759,True,0
6036532,917412,0.99439996380198,0.9758882258051211,False,253,0.4692667056389388,0,0.8299249989614694,0.4086338883011915,0.11229023959235404,0.4264365656676331,0.537495128877043,False,285,True,0.08016737519232349,20,46,0.07019816110032899,False,0.009608439784860241,25,0.7626831529594368,True,0
25022129,1286091000,0.039927039475712495,0.053026579884463604,True,149,0.4174132992247288,0,0.13965563954072743,0.20134568809430764,0.5536201589921108,0.8386433701420328,0.6846418350495779,True,509,False,0.2443410267600975,1,51,0.021557969774785187,True,0.2674745240873526,35,0.73301823823856,False,1
20832271,520891038,0.30819893874417587,0.4434852360805657,True,16,-0.1526280122834145,0,0.7340629548039257,0.18698940147768373,0.03006617374272308,0.4819536055465271,0.7415737767527495,True,510,False,0.019574870693243998,2,2,0.9317512524592565,True,0.5181996605799598,11,0.030337271503944795,False,1
810814254,476849414,0.04979812726973644,0.658094425938163,True,74,-0.009192377236532545,0,1.1088024022500709,1.0026804931473112,0.4249364808464451,0.9510248360770773,0.5436461705625795,True,87,True,0.2606469205223623,16,34,0.6862656051240283,True,0.9224552923535481,6,0.030228888750176822,False,1
4341375,-9171,0.2517157904034266,0.022685781563133355,True,-7,0.7415244567917384,0,0.027557108966945874,0.25984268425593565,0.48802052935499207,0.5425718658964318,0.7783604683625955,True,316,True,0.2296988083863042,4,0,0.5281199083386499,True,0.4362513114819111,39,0.028272188922074275,False,1
5411983,20591,0.25730590883653043,0.2687467032064087,True,249,0.8675983720982351,0,0.005430190856924525,0.13665386080081454,0.12936743963348696,0.9688558208366638,0.005582612803714369,False,0,False,0.04206937089731498,20,2,0.07701019817013759,False,0.011211584023370458,158,0.9921918191776319,True,0
7358965,28336,0.9287861096018977,0.4453141013929274,False,227,0.9945332021524619,0,0.7924077856672416,0.4353305415163809,0.11404042578043391,0.9906644892455727,0.6997219664017504,False,330,True,0.038745042707284065,20,31,0.2154430610423922,False,0.007444296962642848,1,0.9920903448043585,True,0
4737673,5411,0.10230847784651217,0.20354373208523147,True,162,1.01596807512072,0,0.01555436253340459,0.799590830849716,0.2925645977009287,0.4774278095960538,0.7681945202145793,True,507,False,0.18157698198543126,8,211,0.9907922120601987,True,0.003154916433099949,44,0.7595977774627608,False,1
20559906,15346,0.9946457441433871,0.03762338683756499,True,38,0.5281190101817416,0,0.8374378089022472,0.00924849229622391,0.02062858513606064,0.8479805055098046,0.6608739462796345,False,347,True,-0.00018948904827148513,14,121,0.08939712591566011,False,0.01955498006149627,237,0.9917336359208112,True,0
4598656,40250,0.4602465865199362,0.0806594501194135,True,216,0.01740115660312369,0,0.18324431536056662,0.22972949110539354,-0.0036011801162736945,0.4999086698067562,0.5704107510112655,True,1,False,0.25147699561700504,12,231,0.988312233894735,True,0.46772283813515714,66,0.9289149425049087,False,1
18851083,3504,0.07250604349081755,0.3731602056633066,False,133,0.05205146594020177,0,0.2815602108335718,0.4395933333836976,0.004730293442587894,0.4809586221094916,0.6993393131311387,True,261,False,0.3662071695987655,2,237,0.09679633032803461,True,0.4884191331846127,496,0.2198617286466972,False,1
54809,179079,0.44717885960531517,0.1679337676014947,True,259,0.5868790406462833,0,0.8051580341021188,0.4192903707916793,0.03228719899530337,0.849729290846581,0.004637643206982512,False,182,False,0.033271737837080415,17,234,0.011156404695617197,False,0.986717866274703,1,0.9914683673609456,True,0
3850596,34298,0.9946480612012117,0.03969080001517425,False,111,-0.1984792585188414,0,0.03424052175401747,0.05893912673834037,0.032760645549689674,-0.00019722834198903792,0.004644712189665214,False,10,True,0.05652906062704488,21,151,0.991019811513459,False,0.011669794890565296,1,0.08381210949309105,True,0
-56196726,2226,0.05268715940038615,0.16456055299202152,False,43,0.4055375254361554,0,0.8332237885751691,0.19582263986716225,0.5743805258443068,0.509646681368213,0.7830056391922684,True,236,False,-0.03588041532613048,2,139,0.8646559594200098,True,0.002957140319014068,509,1.000868860892101,False,1
-3975557,23393,0.9939896060364455,0.03284134645454029,False,252,1.041280430566525,0,0.6961196478351197,0.01290224403728448,0.28537922170434593,0.29478408758755487,0.004642294480303059,False,19,False,0.01918785866436032,20,91,0.030676366919773324,False,0.007168475237203273,122,0.6152961824792156,True,0
1693896,15626,0.4430060591322019,0.038815555405090435,True,78,-0.033852921940416,0,0.019641506755337053,0.07468482474771165,0.6820992779722694,0.5666715205880386,0.7721893676194914,False,8,True,0.030535830189716735,20,253,0.04507523622464954,False,0.007947588065275962,18,0.9919173141117865,True,0
1511123,31325,0.9309752666658302,0.05015806517664306,False,230,-0.0400603623292386,0,0.7689480283415907,0.04619747405725789,0.34435974603511194,0.841060414490983,0.8224524651339703,False,353,True,0.01997696323255505,20,79,0.30729366736688624,False,0.007502238342703135,1,0.15757316286884265,True,0
4876102,305,0.04177411816937858,0.16503672224378518,False,75,0.19006024769668206,0,0.8414456384121,0.21191764393755425,0.6943481139826915,0.4823199177496763,1.0298270140759702,True,100,True,0.25149100730512397,6,67,0.4752863972967033,True,0.014248112144377961,502,0.02569724299596144,False,1
4861456,10344,0.995040859296874,0.06017902051240162,True,216,0.6997051745786234,0,0.011163917426446245,0.21848115356761394,0.020726506926574503,0.5057723411761814,0.4222498300669827,True,232,False,0.2601539791656528,9,229,0.49188558305298047,True,0.4693442003978621,80,0.016752113817213227,False,1
57257,19251,0.9949471215059449,0.043970678140379735,True,211,0.7775049531274817,0,0.02378145427692238,0.39530050148181906,0.6020691592193619,0.9224973299433127,0.004870579325874175,False,143,False,0.041819133317145596,18,254,1.0018064632839303,False,0.01987062795518937,1,0.9893340760273793,True,0
-53334,25538,0.9944882256908139,0.022458537681865565,False,115,0.0026913088149368436,0,0.314176700757936,0.08219661116141332,0.8393013463458978,1.0037589131568363,0.004655841446882145,True,16,True,0.030330979619384208,17,204,0.5053863398092762,False,0.009161230289136303,1,0.3810920473801389,True,0
-1002883,4775,0.29112038215182295,0.20971613229450803,True,40,-0.2342922075089321,0,0.02791870367755838,0.22070099742761706,0.07541973942515395,0.5039314848477489,0.7138405255467708,True,261,True,0.25190249871991455,2,82,0.8509486858482435,True,0.4074310162760334,59,0.8966410806663667,False,1
4763563,32585,0.0865914044250464,0.0784335453900808,True,232,-0.09209229812775666,0,0.005663547581626852,0.49612896471469553,-0.1227285471718158,0.991506883242656,0.821134673372223,True,231,False,0.1546890055176025,1,95,0.9159870184861936,True,0.011197446028488683,44,0.9175695887996376,False,1
53748,31441,0.3532845661930265,0.24426562327080797,False,227,0.026018266203858442,0,0.7976922196325101,0.010165877362302362,0.2907112175697804,0.9677595549813307,0.48780423741145723,False,366,False,0.7607258717920256,20,0,0.8638632905478079,False,0.009149648629097944,197,0.25200547107868376,True,0
551510770,32140,0.29819196484019694,0.04431480819659471,False,72,0.0033492228596573304,0,0.7722443526161831,0.04611633902119439,0.14938112351066563,0.9532680173560104,0.005081303775497467,False,23,False,0.04070819541150381,17,155,0.18954262559675392,False,0.009437593686052315,481,0.030766046080916015,True,0
56504,27975,0.46015037505781753,0.6160504525100131,True,37,0.034840416506911887,0,0.7898068588443798,0.08029605934055077,0.7442148176033446,0.41614250499261574,0.004986837267700474,False,0,True,0.07014581001130901,21,251,0.7965969440997202,False,0.008552624012205436,0,0.7074071003809757,True,0
4931424,3601,0.041475502907651327,0.052881159660148884,False,102,-0.11382556884343342,0,0.010951796290895733,-0.0007277343932845736,0.05804134645252465,0.5219276656107139,0.8738778959428719,True,80,False,0.24037295009672172,2,2,0.7036921873693317,True,0.23416454021253386,50,0.8963743585134396,False,1
58983,3864744,0.2340494618328368,0.24584347122733205,True,58,1.415604881106868,0,0.0054643349535506034,0.9832633417038736,0.35274927162849334,0.9767695972026376,0.005334899441809461,False,20,False,0.019957060819534293,20,13,0.05586223844765015,False,0.019598180247487475,0,0.7192524895088964,True,0
16918135,7058,0.03632806702182291,0.16876333494683865,False,144,-0.16472476643312417,0,0.20829440785820713,0.8795321072934436,0.005336855763725486,0.47830676503026526,0.9421569911413138,True,95,False,1.0257434687729945,1,23,0.9758522902012385,True,0.017388275465042957,64,0.9063802353485345,False,1
1443148353,3226171,0.23375023240976983,-0.030554593506639693,True,36,0.42048709479678575,0,0.007380878166667064,-0.0005758342599155623,0.004954580907763179,0.5233121851059137,0.842592625959632,True,506,False,0.265208154079664,5,143,0.8906911124574032,True,0.2436932227177704,47,0.9185648915700364,False,1
5776618,3699772,-0.1770981713854063,0.4050411594966287,False,215,1.020648348880127,0,0.8328014877602969,0.06894732304689362,0.12627484697123384,0.9285238902516094,0.004643119920778026,False,371,True,0.08851559227130888,17,254,0.510359503220068,False,0.010130491448245767,449,0.6572107052424454,True,0
4016195,629,0.4072013838941068,0.08036221231171962,True,252,-0.024336650450936026,0,0.7519257659069418,0.34244871425761897,0.8596327899539924,0.8458589208175498,0.353885087249514,False,24,True,0.04214858683832475,17,181,0.23433823385100905,False,0.9856861191210494,1,0.8509173110789139,True,0
1591550,25655,0.9340390716542999,0.22271129221933966,False,215,0.3489485256159711,0,0.2653084612251052,0.01989024938732354,0.5822395388724897,0.9354788848306284,0.578789709953447,False,290,True,0.04980029458593374,21,21,0.9896855550161922,False,0.9839678388471959,0,0.9230458551901118,True,0
1087268114,2014162,0.07282177694047243,0.12439865994186028,False,224,-0.28470273014730896,0,0.8192355595465368,0.2004547052287732,0.02307898342913113,0.8296875939714429,0.7873943382271658,True,507,False,0.20626430884968455,6,24,0.0396074368309123,True,0.018862175706723355,25,0.034458288572885104,False,1
53617,7180076,0.41738852219932643,0.19790513338665872,True,266,0.9098720503556936,0,0.851708776020612,0.133263208961157,0.12369043681049,0.9667232012268181,1.1123349377381884,False,6,True,0.033065287391808876,20,0,0.2183166368060167,False,0.00617427239884629,158,0.18928862471432845,True,0
15960631,1861847,0.08727852693534224,0.05881680694681264,False,77,0.5318875270987777,0,0.8978775481931782,0.4092218570860951,0.07831133575368684,0.49300944439030603,0.7518676158636711,True,503,False,0.20896066835262467,13,237,0.9915273392318978,True,0.6509005979929432,11,0.38963534439162983,False,1
1630555,37162,0.04235736323584061,0.5552411053620866,True,220,0.6052680319966983,0,0.7314491731785032,0.025005564388277654,0.14980617781654365,0.6099599681284223,0.005340896119138842,False,301,True,0.040050020311572586,20,25,0.0816755896532719,True,0.011133124409176678,6,0.6976276376584704,True,0
1834221,5318512,0.1767626363856074,0.20135625897895876,False,287,-0.08003281098231452,0,0.8348949083111417,0.5563471279380323,0.0687542825177741,0.5757505806960077,0.5265652018933502,True,132,True,0.031793042891983175,20,210,0.8463555097580256,False,0.007310364995569152,434,0.9921704472687979,True,0
5226980,5056,0.0644421424971825,0.07570429402728461,False,154,0.09952105046103998,0,0.3428110105985136,0.29740131253649993,0.005147507719759202,0.5521579764294784,0.7068612576631288,True,506,False,0.10521410272392397,1,95,0.8872417230018668,True,0.4781952002457829,510,0.9191050766663139,False,1
4972823,1173222889,0.07368108221111591,0.24322360223699976,False,57,-0.07415882984637556,0,-0.02493911835914049,1.0055758519537792,0.07607876688367253,0.5723401549880547,0.8167735126758062,True,390,False,0.2652738462586774,12,214,0.12118699212459019,True,0.6566966223619785,199,0.05858709259094055,False,1
1013476183,381016814,0.046206462406165466,0.070609838482724,False,222,0.02992142983901036,0,0.012056357887480237,0.5699835946221148,0.004723224757290292,0.8308764710197538,0.7404882330638628,True,35,False,0.24718051203717456,1,230,0.4843042192015315,True,0.3705780612996853,89,0.02229552990914628,False,1
55114,37615,0.9313288570063822,0.21844470538959587,True,226,0.07982576817032788,0,0.8234626934509315,0.011732357836102124,0.5473991864474667,0.2802470686868202,0.005358380484241215,False,512,True,0.03197003748140391,20,24,0.06583447905091167,False,0.007519373284663049,452,0.9556794600102936,True,0
56310,25955,0.4566097402055351,0.4661715134803005,True,89,1.2539079224441152,0,0.30261290312305295,0.6323108086403451,0.1401843940179051,0.9887878615066563,0.4084662466729438,False,9,True,0.5762853172897106,20,69,0.14231086468005572,False,0.023310308575100747,1,0.11271313938673838,True,0
4562701,1246712338,0.23564213806974738,0.24507067806654756,True,159,0.41138381585957706,0,0.016492082743886433,0.18075907702070404,0.005085675602526165,1.0202617923127033,0.7111077481961108,True,473,True,0.21925985093787392,2,245,1.0026025280960218,True,0.8903276836189096,67,0.9007556552088185,False,1
7309471,14965,0.9337920202062059,-0.020361939105371096,True,80,0.54065340628267,0,0.8225649748002132,-6.369215129051428e-05,0.009651892561754243,0.1704571007027712,0.00471581863774742,False,9,False,0.07055791561365612,18,40,0.017069322189251508,False,0.006006480631498044,1,0.9907661592444018,True,0
434231047,9179,0.4613457771169418,0.6062506491666431,False,214,-0.04093785013011064,0,0.03461957469019743,0.06193759621762539,0.005676783290493139,0.9629912223314108,0.7617858638416777,True,220,False,0.26138256323900855,0,78,0.8661208430095023,True,0.002686080503460768,69,0.013538744909965473,False,1
1864098,27624,0.35970908454502626,0.5113468764186678,False,1,0.01862133696478374,0,0.8000424045178834,0.03100001103427361,0.004832579365813658,0.8390320094108809,0.004635638953077851,False,47,True,0.09028443898699254,19,0,0.1841315541672896,False,0.019750752731807125,267,0.09291181316965552,True,0
11766111,386544894,0.4306043294653079,0.03867986214235869,True,252,0.6760441121163192,0,0.1428009451865655,0.2498660059555618,0.5533468852557041,0.5650911697940484,0.7277627508661151,False,122,True,0.10292371390966326,6,18,0.007437019951892647,True,0.003058323707101895,67,0.02539573768576318,False,1
54411,1011278,0.45531978130695316,0.3706574990150301,False,54,0.9354422594472719,0,0.7306889743472083,0.054053119742964485,0.6339632762031789,0.561160441472357,0.004757732012274765,False,441,False,0.8797868049040546,20,245,0.07590489896969754,False,0.019228952106840353,1,0.6478155668712775,True,0
1072910284,41649,0.08430090279812077,0.07806928196492742,False,214,1.0331765525637289,0,0.008114706031950024,1.0006007930136531,0.0055060129880260275,0.85681108300151,0.8215269386755331,True,508,True,0.1593355220532804,2,5,0.865427655620903,True,0.46128870674095623,176,0.268561748645272,False,1
7393777,26362,0.38639610679637176,0.9817440944285722,False,0,0.40557752174181677,0,0.6732453172191821,0.022419393081016974,0.5476958121456035,0.13581831606048958,0.36374571142286527,False,0,True,0.04097096457672884,19,255,0.22250320886935332,False,0.0077513546109225385,452,0.39290710614365565,True,0
54774,1452436,0.9942304697720458,0.20162930062537082,False,221,1.113534727039418,0,0.8120641629424444,0.9834094968645618,0.8043541058939869,0.011608810885978593,0.6704697476560628,False,226,True,0.05602324336552279,14,53,0.10343181766625971,False,0.005541728960619774,424,0.09990100420612963,True,0
15488136,30068,0.17751335957073872,0.23071235465875684,False,252,-0.25034069328804665,0,0.8150217745885443,0.32191999755996686,0.09893482879976338,0.9342523798475519,0.7834627794609949,False,9,True,0.03160315465805484,20,215,0.049791519081204355,False,0.020981043831100058,1,0.49028026381762435,True,0
4549298,-5385,0.0641069528976639,0.6464797300900444,True,34,1.0417749324824754,0,0.025914062887244044,1.0035393143217644,0.0046814232314819106,0.4891873294973459,0.7804453992963235,True,514,False,0.26124476498464555,5,219,0.47652254877374534,False,0.21314767641270788,476,0.9402141119640166,False,1
1696607,1568651,0.3626314988273396,0.04000254476530906,True,37,-0.2943904525138422,0,0.00482258587737432,0.550689947651368,-0.0790876839492543,0.6081842761104306,0.0048736781630520695,False,146,False,0.06025853803741724,19,76,0.5372705874119128,False,0.007908859048506325,1,0.4973588022764932,True,0
701009200,3401,0.23761885914054615,0.17168554254372526,False,80,-0.1484266308850638,0,0.0065711213001950625,0.2890928867643519,0.004774074044478491,0.4779728305252475,0.6901809767355165,False,434,False,0.24683917990007165,6,6,0.5912251112033234,True,0.4755448920052484,512,0.2151606590999442,False,1
-1341288,27414,0.37796782421862063,-0.07819992200292558,True,233,0.3633740952410972,0,0.7712821848327727,0.05634737121475587,0.6817108174950867,0.4730085195343111,0.004849373659726525,False,512,True,0.03291046494235762,14,104,0.01726576050497309,False,0.010189007205503775,235,0.09578396884675383,True,0
1237034,3987961,0.06451780849295692,0.24537376389996673,False,214,0.06852170229708993,0,0.8330592548949346,0.011461574489581468,0.5260742251982746,-0.03357739455618175,0.004950855683582255,False,15,True,0.030596597982104096,19,76,0.08222483513940519,False,0.009377349193562015,435,0.1035049905588668,True,0
17778029,35008,0.3242243484864927,0.056867188837035045,False,91,0.043109612690651,0,0.1847293540761729,0.40414085343017103,0.542879973583112,0.8355641943938847,0.8985167667560462,True,302,False,0.2607930771580844,10,4,0.5205752868529674,True,0.5992527121754754,56,0.9597390998066603,False,1
1365744928,5989631,0.22931176604671683,0.27565294529139556,True,92,-0.15393574405865085,0,0.011449849200958923,0.14807947089549506,0.1851811251004069,0.5011278030584732,0.5801220048507291,True,191,False,1.159090663122222,14,250,0.01087196711621343,True,0.4984559675241081,88,0.31072273461972105,True,1
1879725,40134,0.9948036745674812,0.0252876062331138,False,30,0.44083927024999714,0,0.8216385153665848,0.5152844943209169,0.0047540515430412825,0.9569565766805995,0.8568671109133233,False,4,False,0.0307819632419591,21,30,0.007721066004733294,False,0.0061813801048865484,0,0.9889504338940799,True,0
21018732,7398,0.241504857707536,0.16320502971134854,False,291,-0.10300397287522822,0,0.010938840259265123,0.32541436813816116,0.010678617867279108,0.5080225300027569,0.7733724588073343,True,509,False,0.2633770078166936,0,53,0.6805064886878378,True,0.020952877315583485,87,0.11343353234536892,False,1
-6863221,6502439,0.3714221341289525,0.058329333477535716,True,259,0.8514588988140609,0,0.8379447991873964,0.36996108094021785,0.3614262233084348,0.9441986120164156,0.0051488569388359615,False,6,False,0.031408854666107155,20,241,0.055207280952899576,False,0.007437590860555449,20,0.14576167342562707,True,0
13771069,1314803877,0.33257427560311587,0.07014660012693064,True,115,0.2561657904748209,0,0.01770225627012925,0.9658634516299305,0.2650985663883774,0.9898201286910809,0.7808946783127684,True,509,True,0.12770321347847602,1,254,0.5241515272003059,True,0.6549478207285148,344,0.059455123390515355,False,1
7189526,8124,0.930903013325769,0.07046847183261276,True,84,0.055953976948436956,0,0.12835350146078062,0.8833353768991983,0.37273926137220575,0.4759039984654353,0.7510853485597653,True,372,True,1.0533029249723245,2,4,1.0006839201657152,True,-0.023859743829232782,25,0.01257525393792405,False,1
4668908,3658,0.030146088260776693,0.7441888963919596,True,97,-0.17287363021359148,0,0.026464002190799144,0.06532652439710618,0.0037675540158921663,0.5042825925888276,0.8408700568456795,True,165,False,1.0366131074599871,2,243,0.5204433471520278,True,0.002810758704324727,54,1.0036965742257014,False,1
6101270,541912120,0.4526160143663724,0.16918523627906448,True,143,0.8811922929427957,0,0.22352006162652474,0.9873341517834008,0.03014608052693631,0.48161830140298256,0.85485888025232,True,0,True,0.8193524755464454,15,56,0.22839267743307534,True,0.47540503999556644,515,0.45037123238488674,False,1
4872570,41121,0.4513528159610974,0.04732732594758381,True,0,-0.016666683679295802,0,0.005106776106951549,-0.0005952219511179065,0.4322282081302463,0.5059417832910984,0.7842097951107992,True,104,True,0.04964830842669266,3,107,0.4244656334676823,False,0.48548786767024943,53,0.9304138579942641,False,1
72686,14207,0.23524897623420152,0.16997976925704256,True,82,-0.27823581994594104,0,0.7020798384790241,0.2951715657754307,0.6089369712362057,0.5654571211011754,0.005310633026557394,False,33,True,0.08306477063894933,21,105,0.01710895808225455,False,0.9356602976940909,84,0.9921902540817072,True,0
56640,13568,0.416151927148858,0.1807025808979834,False,252,0.9493163959536863,0,0.7510123312748649,0.10847747387645246,0.021211367350726033,0.31455036827870203,0.004612408044929254,False,8,True,0.049355608194722476,17,149,0.12644977203065066,False,0.02120012161617831,4,0.9774663826357479,True,0
643669093,544122,0.04361818833702668,0.04169808376319835,True,227,-0.15863200547002176,0,0.8532377985539994,0.05667568553651179,0.07044419358632258,0.04552032393587041,0.8417608536147813,False,298,False,0.14789844789836606,20,232,0.04792436758496145,False,0.00904688122822803,343,0.31965825988995317,True,0
10945007,6002368,0.07266080617575482,0.0786220083236801,False,142,1.3286297745147175,0,0.18505687974647433,0.14268781398264602,0.5539659483769893,0.4767773427055295,0.5708273248095233,True,293,True,1.1770896175701022,12,232,0.9903633796216208,True,0.00272376854620081,51,0.3076603805513519,False,1
1731895,49126,0.9948174435946593,0.07933975886671209,True,67,-0.049840531820668055,0,0.659844253454924,0.09791499016079887,0.7375986630710869,0.9887335869992524,0.4043876951206308,False,3,False,0.019922131712520316,19,162,0.3825560423630986,False,0.006690737060586085,2,0.9499474798456757,True,0
1671228,38361,0.4346674779858448,0.10259008302885017,False,213,0.30027710467991553,0,0.6776842626692896,-0.0002471772027495638,0.46999630390716973,0.5739708860582345,0.004835838328349879,False,1,False,0.019630184993773843,20,177,0.0111475946888922,False,0.010385637402850957,323,0.009159188105682966,True,0
4043225,44178,0.4553025538268458,0.4622279502493997,False,226,0.5648462727796858,0,0.8288836528852467,0.6924309914938697,0.033509596599769556,0.5792499716695857,0.004689398688900011,False,10,False,0.19513115951666588,21,20,0.03423680504198609,False,0.00782387791558943,0,0.4996338844173691,True,0
5033054,37613,0.08616461482326335,0.038144565758316706,True,44,-0.1752770847768066,0,1.0963850641733965,1.0062888311472322,0.5444904833792686,0.4912856273382469,0.7233891447597014,True,214,False,0.22931205850070568,2,255,0.7043425415352225,False,0.009019537675088757,511,0.035280941757286056,False,1
7268988,307347,0.4326071272647502,0.040882039534171945,False,268,0.0046339659706250425,0,0.7000430595999787,0.5009670282269784,0.1397483954468191,0.8409123921783805,0.004591344740921706,False,27,False,0.04834497349573309,20,79,0.1563152115486723,False,0.021013370194334427,446,0.3255233193813394,True,0
512119792,5732515,0.27757585023833575,0.43784143715526913,False,100,-0.0517669262019107,0,0.005054256645414705,0.23999469018720626,0.008259698191086191,0.48522996280022346,0.7752827834747362,False,61,False,0.18061781605796615,1,18,0.5850557174765361,True,0.017785573452487796,484,0.223270537904456,False,1
1938821,2976626,0.005874303273842751,-0.0428722328912744,True,159,-0.12649936640821635,0,0.8290510992128415,0.5477374496817917,0.6082576580463565,0.9740885627499107,0.5315244764930521,False,9,True,0.4965633958415282,20,242,0.06756929262584571,False,0.009048993834441549,42,0.24939808215335585,True,0
359834799,1198432021,0.0688342039445254,0.450310536202715,False,161,0.5873018396459891,0,1.0211419068199632,0.1310971613421249,0.0430797878499482,-0.0006008462428502786,0.8400311016339811,True,299,False,0.06900142520967231,1,5,0.8264141256382526,False,0.45820267885837296,506,0.22191689401156722,False,1
22521375,2381693,0.03772436126618357,0.9809058976445261,True,142,-0.23365559062740127,0,0.8529796643456761,0.1314523952436607,0.0049578630356258944,-0.00010253155824894643,0.7824600526371673,True,508,True,0.26119191457298113,15,25,0.7977711075889751,True,0.5031522147461968,25,0.07450129122117499,True,1
65328,3238364,0.051979810447452784,0.21610716364602897,True,232,0.06798920479138082,0,0.2757560088837491,0.16128712782682467,0.6532842440271345,0.056179695710957406,0.5963415238615504,False,86,False,0.1407200911492839,18,257,0.7214066074596929,False,0.0069670249010269115,0,0.8220186463313393,True,0
-5438171,9080,0.0394307673492134,0.18790638186156472,False,231,0.18945427801188697,0,0.009986779365302859,0.052186710241769234,0.5935936615606112,0.4965128085699554,0.7282664069380176,True,89,True,1.041101323346802,2,88,0.1492117806753933,True,0.49028115088523294,500,0.9039477025668217,False,1
24283376,19218,0.03682020049520544,0.337437189432099,False,100,-0.10619171254205129,0,0.26907946298594554,0.5953241046370662,-0.13712172454008387,0.36861721994695884,0.005085972294672259,False,148,False,0.03274048906522495,16,7,0.9913669696163384,False,0.00691570489125616,107,0.40473718344201026,True,0
-493534,1177656450,0.2791675112806252,0.16069782375125546,False,213,0.17215484198827197,0,0.7622115242913935,0.24438151576743652,0.004822067184796507,0.8317065767334842,0.3770481231061243,True,505,True,-7.446604749727742e-05,1,247,0.4783065008512322,True,0.4209820281895216,28,0.19437876167037496,False,1
18122544,8263,0.46061880155074897,0.13173106605351828,True,146,0.42815447648916416,0,0.007470714154112381,0.12803456245715233,0.005405492004512411,0.49535822442605326,0.7799658265558247,True,347,True,0.2614425774672686,9,123,0.962354197139225,True,0.5399448427997221,504,0.9344510605049193,False,1
887990946,8485,0.06228432249245591,0.04010602413011147,False,29,0.057077439585698386,0,0.023085837965469147,0.05990740233901364,0.029502227039759635,0.509093304322111,0.7530451863368048,True,104,True,0.24092859564675662,6,213,-0.0007321696894254361,True,0.4552429146509678,20,0.8937495411348075,False,1
4909431,1714,0.08038157955959896,0.04845597074471816,False,71,-0.02811911196428818,0,1.126009739119686,1.0021133359372707,0.5654952164626632,0.9080218167177355,0.4112189250448192,True,512,True,0.0777035464993219,2,251,0.8320560647407448,True,0.566729357628143,515,1.0017037749666469,False,1
1377086712,303846,0.25803049567548836,0.47891967755034387,False,208,0.932992825706743,0,0.2593501529115712,1.0026280928038336,0.00495790131868445,0.48406401962069234,0.5706192277328278,True,23,False,0.21425615420558486,0,241,0.5897412287215226,True,0.01004061133143394,86,1.0030971620148255,False,1
56488,17474,0.4598615897622498,0.29282309920935673,True,98,1.0544998447221623,0,0.8052299143317485,0.5296576820323654,0.006562021622506583,1.0195707986102687,0.005439417460292147,False,11,False,0.019306705185884992,20,254,0.4688156821992765,False,0.011701041556994939,4,0.8932011025847977,True,0
4316165,7815819,0.9361662850203044,0.05917117278108683,False,62,1.0571621940826765,0,0.7394205946973316,0.10388713152785467,0.004839914791142598,0.8585872943560675,0.7223891195865181,True,508,True,0.7490908311060256,0,33,0.860494764948657,True,0.6839815040642329,151,1.0026708438591931,False,1
5022987,5196282,0.03222212715884043,0.05278549165929708,True,252,0.7129957438984659,0,0.013781581001215846,0.06693574666906278,0.325511627470913,0.4780255616974618,0.3338973797532989,True,510,False,0.2656168060298222,0,222,0.9140384704884683,True,0.6580514125918733,51,0.06863171717338576,False,1
5150339,7668,0.23502912817508284,0.07744635274059378,False,139,0.7325605444250026,0,0.006567864866753183,0.9902440478258037,0.005190007753966074,0.4944354572343769,0.8148614369515578,True,205,False,-0.04497077022787922,1,70,0.6411740463451565,True,0.38281943622714365,509,0.06437576334530182,False,1
23693210,43532,0.06035066853253678,0.04220002031129415,True,39,0.9949897546623663,0,0.28086932934599496,0.4271990511000425,0.004888439465911716,0.5665693521729057,0.005173978733255403,False,9,True,-0.00023419646208661275,17,241,0.19868397770235624,False,0.008155157056253144,205,0.37626369161911394,True,0
12689297,28232,0.3972898577173052,0.31388948143319484,False,258,0.7935528525966393,0,0.7235439990527647,0.5346038444640554,0.572385237461732,0.877800005329247,0.7318335104389891,False,283,False,0.1270451326097285,20,56,0.022787699165942206,False,0.9866348531690059,53,0.1482414869523101,False,0
4670776,3330011,0.2708561819294855,0.04685108191655453,False,45,0.056142467466942625,0,1.044690936828579,0.2177145873024472,0.27085711922476224,0.490373340313517,0.6974307494331538,True,131,False,1.0054872367104934,0,6,-5.289611601767352e-05,True,1.2303867060269702,483,1.0029789595811154,False,1
600715672,7152,0.06175337705045074,0.060245451605414425,True,39,1.0788851872956695,0,1.1542893700768462,0.0613919069053064,0.6652908336198442,0.4771330541560227,0.7213696595382516,True,5,False,0.25157399639797673,2,255,0.9231516907999167,True,0.48882357147715216,42,0.05552969331434167,False,1
23242658,15147,0.9339504762412736,0.04669289817235848,False,215,0.34372954552902046,0,0.2868141053922802,0.5039956765236062,0.3382787677811951,0.8450608937503578,0.004675027988723147,False,501,False,0.2251825399217292,17,208,0.8679612264501433,True,0.006646747872565222,5,0.9901389126722329,True,0
19644588,15350,0.06873651408763598,0.019939166872522396,True,90,-0.17247049693832495,0,0.12681335970238355,0.10661985994122034,0.5458771707366038,0.8767124820200157,0.8818305057395083,True,501,True,0.06721902842379397,0,257,0.8093279758785421,True,0.013118997781332131,60,0.0196958742115289,False,1
7495861,22765,0.24301246091386344,0.18560178032373506,False,-28,0.741885391100499,0,0.0053309570519479614,0.05147056780429886,0.005133223380620124,0.9411883216278238,0.004818621649191774,False,80,False,0.284893769446919,20,147,0.19830936785408132,True,0.020392372701378655,0,0.08285223495930998,True,0
5026825,9039,0.06438384387802676,0.05312822557120095,False,113,0.05141179050938427,0,0.03345277017694679,0.9791196255158702,0.11367111277245813,0.9144007120884424,0.8034231270591528,True,372,True,0.2501136597646359,6,104,1.0026895188562317,True,0.00273179105983619,56,-0.0008338283363664658,False,1
543878338,1282776235,0.4184294597594546,0.188314690534712,True,214,-0.07871034362196361,0,0.6729244393272458,0.0728951412789127,0.15391554912484737,0.936888888620047,0.7271817430731855,False,2,True,0.05530995581457324,20,191,0.08363131622872605,False,0.00708111215566824,1,0.3999561123937777,True,0
4280214,38626,0.2959377425943656,0.05792329253843725,False,223,1.2722373909366942,0,0.012951353927968748,0.7811967005684797,0.7057909472527106,0.8319908236964213,0.6848578215826953,True,505,True,0.26034162837243596,15,248,0.5239846281948113,True,0.9358731552436432,55,0.053135610910609046,False,1
5402343,17684,0.291065636390969,0.03887474384849939,True,110,1.1324280981671304,0,0.840256520090354,0.2952790927084213,0.12697677235384208,0.3499010437609078,0.0048780179657670186,False,2,True,0.04894865705786989,20,254,0.016221165128747213,False,0.009456207792655316,70,0.3886231335476615,True,0
5815290,1261896969,0.24527782356312972,0.17583418723078703,True,73,1.254083753856118,0,0.007220084315568315,0.07685999065760833,0.5081747142038485,0.4887772550165005,0.4176673988382659,True,84,False,0.20201184201519726,2,182,0.7375110200870889,True,0.4987399906328923,0,0.1407247965916303,False,1
1844017,29258,0.9325459135894386,0.47070562940210087,True,0,-0.3714357574423588,0,0.02035228375292847,0.18808084610502726,0.0957689706632259,0.9435377773115798,0.7702593740565351,False,62,True,-0.000116570885146399,14,137,0.5095583313570036,False,0.008245522221724668,171,0.3621720789712485,True,0
14870858,36355,0.23260859824407,0.03967942389856807,True,114,0.5743110439631227,0,0.24536054199020255,0.9766314941938113,0.024585047669381133,0.6914254112406171,0.4867545937157799,False,25,True,0.06741214701826523,21,135,0.04671913315206301,False,0.00735084785078303,452,0.2608205718695704,True,0
1747771,470225,0.9949098471881198,0.04450614330635373,True,100,0.818228980424755,0,0.2834255134913132,0.013484409432204872,0.023004227093304526,0.8419834598552719,0.3185001461289727,False,2,True,0.04976450609271547,20,54,0.7704057946941685,True,0.02345275515893374,230,0.4262150592517124,True,0
3590268,9868,0.3011105219050753,0.0594853638374495,False,77,1.279585604749136,0,0.0036270604532545048,0.919825466747628,0.004754357641125264,0.5054282895023482,0.7793074441958899,True,91,True,0.05163693082835759,2,0,0.11468710108237545,True,0.23181608073111787,479,0.2359907518799096,False,1
838118259,1312140119,0.0829761056976949,0.1755526279507833,False,68,0.07226740565661982,0,0.17473837899579636,0.05237978463025117,0.024024619386684543,0.4719685824440154,0.5714420588046264,True,361,False,0.31066044793964986,2,130,0.6927203197607822,True,0.4832035010408007,493,0.055911749528927426,False,1
710177009,9967,0.08643348026816111,0.02761808204806357,True,109,0.07051026360450396,0,0.20724589408798885,0.9187986501297014,0.004835798624727855,0.49846976455876946,0.7693832937025418,True,302,True,0.2614950853226439,9,90,0.2140115749172399,True,0.277125613404777,47,0.025178060787077548,False,1
1214161,-1084,0.9945478492637053,0.2005800133403597,False,38,-0.14130718355022132,0,0.030910119585869228,0.8531257259906825,0.09695424753272223,0.47707300158700805,0.7691972437009613,True,99,True,0.24330406350558512,10,10,0.12327263512782548,False,0.23100351520692003,53,0.138261149555013,False,1
7428108,21120,-0.061410645921168405,0.18140649041508602,False,29,-0.2838485427685383,0,0.004935488783040198,0.009980706327074082,0.13325422107783116,0.5665487617262759,0.004600351991105458,False,10,False,0.054477873753833464,20,13,0.095307430352296,False,0.006955022143308068,2,0.9913614376521164,True,0
128005133,1355468060,-0.03468805894654481,0.19926804440679763,True,99,1.3263912415410115,0,0.9988794376180503,0.24451911239828933,0.42215527486331794,0.904837726260357,0.7238343141291184,True,80,False,0.46792660477946224,3,99,0.20859449614523193,True,0.23093107319319967,28,0.02241890565855708,False,1
24227111,257675,0.16514452483045577,0.9788232980357597,True,70,0.4274766821927547,0,0.6896785533787528,0.08621075607365916,0.5843996144417065,0.574332255824243,0.004858636017529285,False,71,True,0.07020437925665796,20,13,0.2562057842653066,False,-0.0051130132223604075,56,0.9642538865189733,True,0
-36077263,28492,0.4609983609576716,0.043596247859675794,True,271,-0.023857229991410267,0,0.00495743800268058,0.4976038423330803,0.6738025912057128,0.9914280849196957,0.4613157469792131,False,163,True,0.04724067881731164,20,254,0.5821698117227639,False,0.011443105715196793,0,0.7860173065787635,True,0
4685318,1154405168,0.056516999258021616,0.04837295677629621,True,261,-0.1876931625350906,0,0.020198331528334675,0.8309065351887406,0.8618193039630633,0.47545172112403067,0.005282326276775475,True,101,False,0.250077306672817,2,184,0.9528808115119556,True,0.021070112141071795,1,0.39066936479758996,False,1
58402,27215,0.0984800160088575,0.05474674875802221,True,229,0.2556144090854522,0,0.7630441916684656,0.7036847733255961,0.18737140950550077,0.9468178373298578,0.8315326659602658,False,1,False,0.06056878248193634,20,233,0.12689949446557292,False,0.022441524039360748,470,0.43323042441106197,True,0
1963220,1680433,0.23542688839424,0.04472595524202737,False,252,0.23365144221458461,0,0.7520643711771058,0.04196247232636308,0.5682387696627461,0.5690409714381226,0.403444037537871,False,2,False,0.019889443886217016,20,244,0.2385576286761915,False,0.010830355914135498,0,0.972338414189759,True,0
4942540,11806,0.3190060826840802,0.2505844038048698,False,77,-0.167845357244639,0,0.014334011845259243,1.0033552270948671,0.14750819574062696,0.4825705676028186,0.8163134018433448,True,9,False,0.6092769331182113,2,45,0.9261705847182329,True,0.4756622244338381,53,0.013773996234091332,False,1
10450364,31132,0.431912464658764,0.04412368545994323,True,220,0.39138023704831854,0,0.2646762520606397,0.01165299142640647,0.7278402343030702,0.8507148927965158,0.005124636852100769,False,116,True,1.1579965538507735,21,5,0.1250036998225596,False,0.0067554818206192295,208,0.9911090106148481,True,0
4083679,6202038,0.4597964126405026,0.044902708711527586,True,95,-0.03426086657865879,0,0.7207591483821856,0.012911996291295436,0.37790474551771364,0.5767734837738165,0.004607710740963834,False,6,True,0.019424669069919135,16,222,0.05606972988459474,False,0.010759018384942136,1,0.9467507879346886,True,0
6012954,32676,0.9943507227691886,0.04561683484800716,False,231,1.3081081415358033,0,0.8542623156554785,0.44465470715246175,0.148996297924683,0.45590152949720064,0.004977561570370967,False,1,True,-0.000143609194508581,17,239,0.01155458529377271,False,0.011889948383493455,1,0.24159715844405033,True,0
1357550343,2714768,0.07893866599358593,0.1473490533183806,False,105,0.06653677616299564,0,0.1864697870874121,0.6988267371983904,0.023243435551821047,0.4716020081352646,0.7042974326302263,True,286,True,0.4792946418879477,3,203,0.665737328833225,True,1.262186528756044,24,1.0002325334489135,False,1
1205577015,5713,0.2634722785267164,0.0549740287713782,False,215,-0.03351044862949426,0,0.014723027338275862,0.025246583684836517,0.022411124483217464,0.48886959091225424,0.8419424901267503,False,50,False,0.08483034644251712,10,0,0.4955243620912217,True,0.2839609036569829,518,0.06389320057126131,False,1
1588439,2699109,0.4117545703486312,0.6639150340683425,True,60,0.8028186609322754,0,0.7086111745852177,0.7008895779173727,0.028884156089543336,0.9914260891942616,0.8324628935140631,False,192,True,0.04648698157505871,20,28,0.3834403513903293,False,0.008702253531411611,6,0.6574182401457367,True,0
62422,36107,0.9301911328033319,0.3123791260857054,True,216,0.5067900918642697,0,0.8205973395505143,0.9902379117944574,0.09134767973323021,0.9833173637610232,0.004690274503509004,False,298,False,-0.00027205080091843365,21,0,0.4344047843452552,False,0.0090193253856279,428,0.705898498456969,True,0
4110073,-3993,0.0625151731223036,0.17426702073375971,False,29,0.5462456785463333,0,0.2567305361442449,0.251565991803304,0.5717005462819023,0.4789078349226207,0.759652464862805,True,3,True,0.24749241412313838,3,255,0.5211042468402679,True,0.020957286670211683,89,0.9301139064513984,False,1
382163522,2645,0.08505779591906093,0.21559535393419454,True,259,0.578695227738916,0,0.0098604635333099,0.0224440733328384,0.5893187411930951,0.495068865563554,0.8105416649738347,True,295,True,0.24955722959898446,7,200,0.999899630499695,True,0.3866527631699056,506,0.05965729720090629,False,1
5015706,25572,0.09602191610277697,0.0407781421650058,True,143,-0.06338254949065891,0,0.026181209152651458,0.21336374303044173,0.027345194103852558,0.4905074034799818,0.5789526147030482,True,103,True,0.4960631620619258,11,234,1.016710364497485,True,0.3962417887304317,17,0.020845281156391664,False,1
1573528,13900,0.3770286600269058,0.9785732081358385,True,206,-0.0022007438348512487,0,0.026808972613877276,0.13113145494218487,0.7511894889122283,0.9698032280709121,0.004755007661284135,False,284,True,0.0438540706781335,19,0,0.022628033906750104,False,0.007921606978804223,473,0.8778659854584083,True,0
1068731465,6494,0.24352262774247319,0.03903283918765167,False,45,-0.09290179443828817,0,0.7153789598755886,0.5302487976176915,0.15111600833737637,0.07440143586895753,0.004811801901489187,False,42,False,-0.000215301918332389,20,0,0.522278928818044,True,0.00774040402499115,434,0.34276988305323736,True,0
59272,31997,0.42395020758419155,-0.01971860148716631,True,-30,1.1295301937198827,0,0.6954259685164478,0.012343838393212316,0.6393090248662721,0.8156433457313625,0.004620192746006076,False,6,False,0.02848335788587148,21,72,0.10705309238246213,False,0.010002798033854468,0,0.8902221233313333,True,0
5129951,5365,0.935360292905526,0.6866131236439743,True,148,0.00580356911465596,0,0.7812503226034414,0.05514654333868817,0.5075197820303765,0.8455624610581721,0.6969358648765732,True,0,True,0.25014517272805015,14,237,0.03738363099791705,True,0.4679376878488505,258,0.02759028905142015,False,1
-189143976,1360798,0.9301285570327269,0.0440183312885426,False,121,0.35401863108911963,0,0.8492706735896073,0.9889185178840691,0.1526003701241036,0.568188771860705,0.7762819831319258,False,24,True,0.06244612696857665,19,177,0.11394054552533202,False,0.010008004447472008,1,0.7229922018628769,True,0
9773577,16178,0.9313249277472967,0.3066380647647515,False,220,0.037987865876249804,0,0.007377387937763144,0.3985533918854066,0.5968223292671844,0.5470888117683673,0.2952028968463891,False,3,False,0.23934035355497166,21,207,0.10875866718432914,False,0.009001385575286604,1,0.328075913187158,True,0
675277215,-2338,0.3444935734425931,0.07076617139549701,True,45,-0.3536169107002849,0,0.020688045224970187,0.19824004693851216,0.022920889926468443,0.8319285713551806,0.8739696616156012,False,103,False,0.2518098558354222,8,250,0.01642409186252647,True,0.47638092176100744,510,0.06793154223610176,False,1
12786511,33931,0.44170295224052786,0.16869603603470848,True,256,0.0691030715309654,0,0.7437138620996675,0.07986222912883509,0.633844166786019,0.8458711963851081,0.6560996722940805,False,1,True,0.7627947726384308,20,210,0.294158397447646,False,0.008726615810653704,0,0.22832319756043995,True,0
4489353,-4482,0.45385668065009893,0.1729991519455003,True,252,0.5458106092312269,0,0.16179576155113376,0.2625111153918459,0.005703490623063524,0.8276534734517635,0.5711440330727915,True,60,True,0.2421822250674465,0,86,0.8159214951097967,True,0.5108604951528171,25,0.2303371950470003,False,1
14730500,-4320,0.429563056620227,0.17987595157357975,True,223,0.7377925585334275,0,0.2707608845044338,0.05478424051219656,0.5308682756760754,0.8423745618320886,0.5443308625543376,False,22,False,0.2089903201618421,20,46,0.04468014582201167,False,0.008558807343819521,55,0.9999150271373047,True,0
1710312,31866,0.06941944911409312,0.17269400759371084,False,252,-0.004248860553035971,0,0.8412907912510266,0.9899105264562689,-0.052869432024777674,0.952272102394884,0.004743097769935275,False,301,True,0.03941982388436426,21,251,0.03314922954493544,False,0.0064433627795138565,0,0.11120082991537927,True,0
16661052,1984,0.2020302623701553,0.050918204308726484,False,151,1.0088287123341877,0,0.008751251150207896,0.058361795071061554,0.10684135038641385,0.9898599400324548,0.7744406047772276,True,492,False,1.0119891594192787,1,24,0.5256711137061155,True,0.46897253611900847,509,1.0016622232706114,False,1
1624476,28187,0.4573704031491203,0.7501265647340453,False,112,0.1145613810718486,0,0.8752303651513262,0.035114052046721744,0.7691777831673917,0.5664293566865405,0.004738224368118948,False,58,False,0.03327089102285793,17,154,0.056316360051057474,False,0.009866917673064992,13,0.07472875870568091,True,0
4368029,8499,0.06833581208042029,0.048126788025294076,False,58,0.6424210060321494,0,0.19186546594739284,1.0024993854367827,0.0054648315090986355,0.5279776008046314,0.7127880988255086,True,67,False,0.030773411446690362,6,127,0.522606779361211,True,0.5046551482365695,10,0.011893597022866652,False,1
14823556,26982,0.259023876564685,0.3023944736821142,True,221,-0.12564502240455822,0,0.005344650894436545,0.01277825657820522,0.027861784278050937,-0.00038397149610811893,0.6210966885325615,False,9,False,-0.0003054769631060631,20,10,0.9469021310036456,False,0.007439679565757304,0,0.18588577597477496,True,0
5214988,1369468992,0.06256815590391866,0.2757646752832271,False,43,0.8112024570388361,0,0.8405041717768226,0.9799960015002563,0.5968600284577057,0.5109696360926268,0.6993590362308697,True,285,False,0.5621822102797347,2,5,0.91251204238447,True,0.47915614658636,26,0.27524621116853887,False,1
6140648,3048,0.046673840824047866,0.16949737679993326,True,114,-0.09469560996765802,0,0.8365750610224187,1.0010204120132344,0.094888197215336,0.4948697385072153,0.8986509145303136,True,38,False,1.001453363666082,10,221,1.0129547405556534,True,0.2809346853695369,26,0.9001902498092411,False,1
945262984,1084730020,0.08309692138617297,0.0712920264561824,True,223,0.8324293588898651,0,0.028235622984115336,0.9805423576792861,0.005281903663089145,0.6207320238537777,0.8325417799304135,True,182,False,0.2641553228638795,3,186,0.6232200867427279,False,0.0025857927569611985,66,1.0019664669458668,False,1
56933,1216661,0.9949831905206014,0.14754213905188143,True,204,-0.1509368391688377,0,0.8480342234209612,0.6161054042781396,0.1286147169133217,0.5676364375762278,0.7282070347515428,False,4,False,0.033324914368527435,20,229,0.12116831252617558,False,0.010018666062575012,295,0.9903379654350648,True,0
1583268,3131178,0.9949498427083243,0.07759582233598744,False,-10,-0.012987691830639081,0,0.7094876975037485,0.04833335764019957,0.03517820618625747,0.9425050320667749,0.49430092715441976,False,9,True,0.03326152582804991,20,1,0.2753425198403474,True,0.00842359253178782,375,0.9761813561473706,True,0
13489111,1086804794,0.4253898648526202,0.16033754832912117,True,51,0.7044435115655571,0,0.1407580045339755,0.26749498969581176,0.00467897759364611,0.871853300470244,0.7810089289058977,True,247,True,0.5333257789798699,3,163,0.9436373720771629,True,0.4719021674981946,513,0.028448941546763168,False,1
4639201,31114,0.2772460734349612,0.6339956039863565,True,150,0.4711228128057264,0,0.8684004509767258,0.019859073875390213,0.8345426465295716,0.4834644538272753,0.8028304307055824,True,279,False,0.24630426872867592,14,5,0.8691717853576915,True,0.2533492109843244,65,0.8949970721096767,False,1
143756409,3445136,0.4597993036892142,0.06935926732981502,False,148,0.03753473334731733,0,0.7747878391729975,0.04751056539847013,0.7532855064231787,-0.06466852880578527,0.0047450846126828265,False,0,True,0.8335966320401555,20,11,0.04221590198503455,False,0.010976008554482749,244,0.9905276125543088,True,0
60943,25766,0.32814879596486385,0.25776162028349303,True,215,0.8478522265753812,0,-0.017714422140116107,0.17656083612307544,0.031010436578053004,0.8504651865395189,0.5767116323249224,False,14,True,0.09094885658588274,18,148,0.23592550633306747,False,0.02447479798698937,1,0.08054434939422403,True,0
658096857,19500,0.34440140541707376,0.021916484495355847,False,133,0.2596828032648322,0,0.0053412110034442685,0.013737762068398534,0.6115767103796598,0.9442116432712716,0.6348117626046308,False,30,True,0.048491627949343516,20,15,0.16827041020769914,False,0.010864101530274917,0,0.0893135273932108,True,0
4818022,7290,0.33932319375021697,0.07797793078435927,False,46,0.7350645211178948,0,0.9830923753289331,0.02078056860114094,0.04641865658373506,0.4918629685009638,0.7410194191067521,True,502,False,0.24939805549572117,2,255,0.09877033895023081,True,0.20531020121142568,27,0.688107081168513,False,1
4411598,1418907107,0.05665679985161304,0.1727688679377504,False,-9,0.30453687852847217,0,0.01726582159821708,0.16322090300818484,0.005454898337250701,0.5704296020038534,0.9648450848039345,True,97,False,0.029902636706268214,0,44,0.8406261565979783,True,0.002540845914115139,26,0.011048301584955114,False,1
4597701,7359,0.07985983047379067,0.9767609236070331,False,150,1.2918365312483129,0,0.00800632850376326,0.9832274084058155,0.05322121471143597,0.5401437574798664,0.7616035888498098,True,122,True,0.11029876508354672,7,161,0.43431183018219166,True,0.6420267543316456,3,0.9055036020476941,False,1
97644930,44078,0.421509570557753,0.024689847745383395,True,134,0.9616879961877971,0,1.0284948284318964,0.026597236309901746,0.02074079632159735,0.9349097192493787,0.41553299677728794,False,0,False,0.032180811042214146,21,80,0.9683738822401785,False,0.009882360765767657,0,0.7500816611305485,True,0
16956110,28764,0.9950189151558574,0.46304892222891303,False,89,-0.12738911036114098,0,0.005559589683497779,0.3873212449132326,0.12135737933821422,0.8506701604321981,0.0047535261444664745,False,155,True,0.019841533492676196,20,62,0.40704533620597244,False,0.007083386662395024,417,0.9920751549597665,True,0
4738863,1132476613,0.04569307780646698,0.6703585314838371,True,222,1.1675508463753617,0,-0.0033733041600836067,0.16773593939096615,0.004943466202448038,0.478752753984622,0.7825231391508414,True,119,True,-0.00033109006133389036,0,7,0.8497259930479503,True,0.0031196352791803394,507,0.9052757412841667,False,1
54845,40417,0.23360460384476284,0.047752825505353064,False,276,-0.10065139937287959,0,0.8696910412873786,0.5358159688128933,-0.04818199848252863,0.5655665345307636,0.3116113424671238,False,462,True,0.07785237008118862,20,132,0.2390445400283352,False,0.009730514829537585,29,0.10251217933757051,True,0
1663425,27039,0.23372451673370492,0.12864988515561626,False,252,0.03557689322386415,0,0.17979382540145086,0.05299526750627296,0.41567243367179296,-0.12027324245253901,0.004853760081251797,False,47,True,0.018990480049784556,17,150,0.829786084927568,False,0.009718277313991285,134,0.33628144625426126,True,0
1594072,460688,0.9950427250687823,0.02210167188955551,False,214,1.1574127185758012,0,0.6916915750328123,0.21059582353405493,0.5381868112092604,-0.016145449433750347,0.8273402644627871,False,0,True,-0.0001361118459815156,20,246,0.031241561798082046,False,0.008068341101418103,1,0.96024518259412,True,0
1202148,38193,0.2752128507071362,0.03865096302999038,False,35,-0.29608929151495245,0,0.7191069503512957,0.9835063808204927,0.1352213600163007,-0.038152663474076864,0.005424562825449958,False,166,True,0.33231149486793665,18,12,0.0838778889976064,False,0.02257796393460238,0,0.19527251899260673,True,0
4939165,1256598401,0.30179690799696673,0.1176353720782366,False,-3,-0.1878819064239846,0,0.17562384821638605,0.9999432826446113,0.6255012745829337,0.503879265895807,0.5717548859884353,True,510,True,0.25205562163641093,11,1,0.01867144672672392,True,0.0027097389183097288,97,0.39293743990051067,False,1
1217392,31395,0.2730244316956113,0.5562060608608937,True,140,0.7040093585898979,0,0.7765507498631132,0.46448675847392284,0.29041750057608934,-0.00020971891468148711,0.004634779299674426,False,397,False,0.27227562438957464,20,99,0.017046007661999048,False,0.024968827269331903,1,0.8836472440057982,True,0
1617173,18442,0.42050784318915513,0.18945595664651832,False,148,0.2349927450609191,0,0.7523917541981912,0.012393197217401217,0.5981431720832804,0.8439103681843689,0.42810679609324864,False,2,True,0.032692132100999076,20,228,0.11052922514369545,True,0.007572147340799068,27,0.2323282710244068,True,0
1628077,-10650,0.933365328358688,0.030978767776303928,False,231,-0.10089124349753498,0,0.6577589283124925,0.5950512287233993,0.02115090948666402,-0.010310793868271717,0.570041940196348,True,0,False,0.04208119167430022,16,219,0.018340369290326553,False,0.010658701345359968,1,-5.387267414436651e-05,True,0
55078,33910,0.23888078449122502,0.44778478887032575,True,30,1.2600133516654064,0,0.836396092154085,0.39610517006908535,0.7882484506845449,0.9903156271244762,0.9045365886574077,False,2,True,0.2075014440338716,20,91,0.15167462767890771,False,0.006954969554916661,1,0.007893781771099609,True,0
68771384,1214574942,0.07885501493072239,0.0593409338914574,False,252,-0.08477011685246316,0,0.01054507438110965,0.9910048301906876,-0.14526484915446225,0.19770485865207899,1.1138770987756867,False,21,False,0.0928456544085563,10,244,0.21743717934708046,False,0.20300835042968612,249,0.6517174896233872,False,1
525031660,1008092,0.3460010595369316,0.4462359880094038,False,133,0.05129129244736058,0,0.6926789325187157,0.6722494952924826,0.12525940904318797,0.28240115287034856,0.7885693680676734,False,166,False,0.16859696089817985,20,234,0.8052617855961526,False,0.00917308878667064,441,0.8830594870168116,True,0
59728,25694,0.9949097913409956,0.02225528004424479,True,105,0.9764335957448418,0,0.7572389491533108,0.03431045128790641,0.22597568679046587,0.4358715552595587,0.57252635256213,False,368,True,0.039567351726479245,20,0,0.2494702320377531,False,0.009180666001296162,1,-3.791475943909602e-05,True,0
16965625,13001,0.9356096220361578,0.9816723256837444,True,252,0.05007856789025639,0,1.0143347635056936,1.0027460826270145,0.3829867050023839,0.9580172069324171,0.7876690237931304,True,499,True,-0.00010378288748705149,12,233,0.4475087633256273,True,0.27727812960090076,511,0.06300514432883128,False,1
12484926,4796,0.06853493519141135,0.043098273138502584,False,91,1.2859089157496808,0,0.8403098801410979,1.0074094502457,0.5608190643834843,0.9863897514803299,0.6952372158618161,True,86,True,0.24708193675714188,11,45,0.5550715774317362,True,-0.0014146824766359811,15,0.01607732537659149,False,1
72066,1376,0.31659627464353807,0.04452990944360573,False,250,1.2199646586519552,0,0.6441065254663685,0.11830075015039476,0.6441944106165122,0.8331028311726225,0.4920515392641355,False,51,False,0.01968792893567823,13,79,0.1264395519704149,False,0.009135093133597276,450,0.42365103554111105,True,0
9701577,983245,-0.018078725124310413,0.043245750586374046,True,1,0.9709400823634106,0,0.19520651896120117,0.39318459902617886,0.028760606389586624,0.04656479386837342,0.004893323433424152,False,0,False,0.09344638661656518,20,24,0.030297170163950574,False,0.008514887014508508,0,0.7081800410600685,True,0
4585888,4513,0.4085754292152194,0.3980479844463872,False,67,0.8241181816779632,0,0.03371440951352707,0.999840005383457,0.7582677033222496,0.5168085629152936,0.7024453697683668,True,501,True,0.2460198628958102,2,89,0.9059154752656298,True,0.6875407388663387,259,0.026913650013380606,False,1
1244765,6871919,0.0605205250835211,0.17195511936054647,True,143,1.1077475265205206,0,0.2094119105974079,0.7023819187641903,0.005092923556467409,0.5668531073298319,0.7976084287723342,False,510,False,0.11170368566125805,0,27,0.3162569824696738,True,0.2060044650100972,521,0.030650656270166443,False,1
56289,390840877,0.9360242519368801,0.4937274560265482,False,154,-0.05502490808284566,0,0.8340207471536423,0.010708297738746805,0.622918960496045,0.5617350240620045,0.004593084588978485,False,1,False,0.08858085253743944,18,241,0.051047149729076965,False,0.008286882887134136,419,0.989706763491765,True,0
54220,36230,0.4607787545105768,0.3136530060564864,True,127,0.11811561060536296,0,0.021516088397030415,0.5355045167871458,0.032268293935669635,-0.018351697727423844,0.3379296724636893,False,2,True,0.08366705898817375,21,42,0.5144378967029652,False,0.005810022180537191,1,0.8061272411284212,True,0
5974265,10192,0.4591026841752264,0.1342497569941792,True,101,0.6924549887560163,0,-0.0029603692384901487,0.7582936936896275,0.39943338014059365,-0.0012921290092020392,0.8588052242873276,True,503,True,0.1444212759922804,9,215,0.07061502731634413,True,0.3741806655081521,14,0.19995374889257045,False,1
1700091,-9494,0.9948827254658505,0.304140311705906,False,206,0.9850686747620916,0,0.2871986128774992,0.14468144500887192,0.06246094669121336,0.03514388484385905,0.5698251584906817,False,21,False,0.03200694625566556,18,149,0.21088253854600564,False,0.46991444587385445,0,0.6422221847288864,True,0
4916019,357868985,0.0663526028142088,0.07220445165916228,True,211,1.397982512042447,0,0.14577511673896715,0.13139963758232912,0.07150114669795946,0.5028019765695997,0.40635965502249477,True,99,True,0.204803079930929,3,255,0.9133974412935165,True,0.006518633570864907,39,0.006965627754168821,False,1
5815089,607259618,0.3036969947447031,0.6573696204075962,False,22,-0.007996741770646132,0,0.3420038060262928,0.13742173962261528,0.5769001997170516,0.5103601892712477,0.8936873561092415,True,72,True,0.24791188863036887,2,94,0.8126513044902558,True,0.20319872298370173,291,0.058686409926219506,False,1
7516621,641916622,0.27203908976793706,0.05929536196566102,False,92,0.7916390275790978,0,0.7831301631329184,-0.00034736148354960896,0.6744680841071591,0.8566556341241799,0.5807736526975396,True,507,False,0.21934835881765052,2,240,0.5230731470577502,False,0.7074029920960253,62,0.04610316062115366,False,1
1022055141,1984,0.05235317507446568,0.07948306604888032,True,103,1.082482972974415,0,0.025173825842393333,0.9904945945170337,0.005131174908919109,0.048977427797042256,0.6751107286375364,True,140,True,1.0457650709831936,1,219,0.8652699825160765,True,0.5115047914929112,64,0.038055213871728666,False,1
4759399,3160451,0.06447377562838225,0.04035606814626114,False,-12,0.04907494563167891,0,0.23431963878627357,0.1541099939354498,0.628228318736653,0.8547967337400716,0.9532239821187655,True,244,False,-2.3546279411446845e-05,15,243,0.7074598290352095,True,0.6380457686728029,17,0.010833044709640041,False,1
-142295731,557314623,0.09283072162800385,0.05552994341492006,True,100,0.99514795054122,0,0.00540576015080927,0.20272196688762942,0.5497720629252714,0.1769897304094768,0.0052669342668828145,True,505,False,1.0648474472429241,2,95,0.8182324013965361,True,0.2749504490152413,1,0.01458677526324943,False,1
11788085,31286,0.42361851540884354,0.504983710701453,False,141,0.0025199498426543565,0,0.8297878179857997,0.11532145647962899,0.09273687474054458,0.9889993986547162,0.36777767269604467,False,433,True,0.05742436177209791,18,232,0.32377243469102956,False,0.0117052318482773,13,0.12174254902822353,True,0
486924517,10266,0.16416160356850334,0.3206623935688616,False,214,0.8237541141431914,0,0.0050186580651249285,1.006940441659598,0.4981252315793744,0.47792646878881706,0.7083623629627327,True,102,False,0.1968503771229831,1,177,0.12458216574674938,True,0.26583037994919756,55,0.7104668619530622,False,1
1183881,42014,0.9944778202548645,0.3536265676364522,False,4,-0.11325806232715863,0,0.8468363241596925,0.1209450886653157,0.8598496456842313,0.4255870446376765,0.4432672495659251,False,182,True,0.11695819792189863,20,35,0.009174707858410801,False,0.007478672212406025,275,0.9487775255328165,True,0
18312933,2772897,0.058231925452003896,0.039876927442287054,True,56,-0.04676371812817193,0,0.0294175206787416,0.9906610812302407,0.5459576332973222,0.486379575463042,0.7198176295094939,True,70,True,1.1442920668797307,2,96,0.8789622652824496,True,0.021176936475298724,36,0.17424609430943294,False,1
1856818,37822,0.2414616974555604,0.04109521447518834,False,43,0.3428647203833869,0,0.0018319373795078336,0.12171861724092337,0.5958896820922257,0.9907708795398384,0.5796541302114192,False,91,False,0.24546085028443843,20,44,0.06577135254045462,False,0.0101199345840171,25,0.7603340242772966,True,0
4652967,-9242,0.06684856637434818,0.048953108140359976,True,156,1.222326503082432,0,0.02061606678677325,0.06729330514290166,0.004679679170801337,0.9232785500912217,0.7152009969363196,True,88,False,0.11337254298087021,5,233,0.7133931471819087,True,0.23082842935981523,508,0.05043075054139509,False,1
1778402,39781,0.30379676070019856,0.3161520537807723,True,87,0.5261976647037719,0,0.018429009866067426,0.012399007978686967,0.06438235714947235,0.30758642805201347,0.00533611007109584,False,441,True,0.01882178182260135,14,21,0.009185720827118935,False,0.02042856265956195,361,0.8230542439331924,True,0
5027625,484923420,0.23258272891262916,0.16747817090449146,True,78,0.05819467131577161,0,0.8298860117302094,0.9820369542493267,0.543008519579923,0.8259833821397602,0.7197834670138573,True,117,True,0.23953976196389912,1,-1,0.5264476214994216,True,0.6601448467179595,23,0.052698388893142836,False,1
15443384,378512076,0.2283263458349139,-0.03094975675678091,False,134,0.5495339650430549,0,0.268482971948528,0.24747219737233403,0.034795474423261946,0.5091704697234438,0.8632626589565152,True,4,False,1.0612938811630386,1,233,0.7973781719829094,True,0.2424457334379928,16,0.021800708640161523,False,1
4946433,4574169,0.07234370394172393,0.2024358211191288,True,-8,-0.17297601040685706,0,0.7621549212618859,0.019942653799232303,0.3830376074954013,0.485830388279093,0.8439771019629349,True,343,False,1.064841836379336,1,4,0.8394743644020125,True,-0.009006443016260024,16,0.013326882235822984,False,1
4978936,5264480,0.27985789962695684,0.07009953329772559,False,252,0.8939087917920068,0,0.006180863454663623,0.6894497195788358,0.004765550810411349,0.8335533263364385,0.7824515817801283,True,97,False,0.9371417740739112,2,255,0.94098168423071,True,0.20330138119526625,509,0.010349075072875214,False,1
4978393,413137331,0.4492334383819761,0.047290108439769184,False,252,-0.13658132874441564,0,0.15634387995531987,1.004398909643587,0.2642277319951897,0.5348968656661592,0.5815432478490651,True,501,False,0.09005786067347134,12,123,0.3158186696970742,True,0.48758401315287514,71,0.03263306876404629,True,1
4687251,665034170,0.07922595636611082,0.15715158314200597,True,84,1.1811994652581304,0,0.028641436091387758,0.05594410192880174,-0.14632424246299347,0.8564288807496271,0.7474097871901116,True,510,False,0.21461722082051166,3,15,0.5366076651447401,True,1.0500853014736935,36,0.9088652362545043,False,1
1819680,3708795,0.9314655261430769,0.20796587150841767,True,38,0.8978917695047071,0,0.7228731807544917,0.4811857598371176,-0.05621837896066867,0.5658157152112324,0.5656701673756517,False,46,False,0.8123430494660704,20,9,0.06414886294819572,False,0.010215961150033736,429,0.3912935219186285,True,0
5595881,9313,0.31372930088138246,0.048519639456804486,True,132,-0.008795985486588886,0,0.19124971598072335,0.15829247665772017,0.004875476773955469,0.49695130174498103,0.41939570210634236,False,270,False,0.26538519506279246,10,255,0.8179551235863096,True,0.23408801931786932,509,0.0058006677407825835,False,1
3821202,5682,0.09335437928365897,0.4715133799763476,True,71,0.48447887873431994,0,0.008273543200194997,0.07909693855822929,0.03247092127365018,-0.0008179864321995607,0.8689434559963571,True,93,False,0.2606814350528078,1,113,0.8613829963358924,True,0.8074103464928604,505,0.02593783649180978,False,1
1505176,41620,0.23040455582997685,-0.013400901747209426,True,258,0.7175040360943747,0,0.7504095323235053,0.5037199660736408,0.05651527569805548,0.5556118442141469,0.005149370278236696,False,12,False,0.04073998122014183,18,245,0.050330253376154016,False,0.23730368924864065,57,0.9249804533558892,True,0
-53754192,18933,0.045884360818564555,0.03991111005360772,True,-19,1.0174388902190514,0,0.7196372310648456,0.20475377741567324,0.004751663893928487,0.9611733547640593,0.31133649369937927,False,14,False,0.04000960701092885,20,0,0.2179142194912912,False,0.009749049418735467,0,0.8067477833715287,True,0
66896,28612,0.07657269019072821,0.6057463616843183,True,252,1.31837754121862,0,0.3103132367776027,0.5607667388255885,0.13233977878657077,-0.07191308954528841,0.005162686380654246,False,71,False,0.019608654626211537,16,47,0.997866954857945,False,0.009977996464859664,299,0.09772924319884771,True,0
3669245,18039,0.061767248868288605,0.9813184788374474,True,231,0.5951329596293583,0,0.3114501443512493,0.15012926147479802,0.030461520961365424,0.9631522350089265,0.7451735220774616,False,9,False,0.07793530004511373,16,0,0.08754672177383258,False,0.011932663468534803,509,0.6886016295327998,True,0
57537,31435,0.4592521102742858,-0.01876890049357327,False,53,-0.05738135119527088,0,0.71127620322668,0.6140985677553373,0.7422002940267722,0.9914284057295127,0.0047697500344393105,False,73,False,0.02851350254875456,20,2,-0.0005954347730509175,False,0.011992169860263883,436,0.5202072603827833,True,0
-75645957,26902,0.9932338080586346,0.07766226667899419,False,252,0.27251009024738626,0,0.8068715779894949,0.39611712757754536,0.10247294114912542,0.5781590167996898,0.6603921871630722,False,1,False,0.03883182197121993,20,15,0.04096225471483232,False,0.007785947670033513,12,0.26662473829646594,True,0
1613852,5818093,0.22988887683060066,0.08453456716520102,False,28,0.490773899929848,0,0.740826867139652,0.4876789969490283,0.13265653210182674,0.8470901160697293,0.004727673232170389,False,57,False,0.8064829347194782,19,8,0.9903232107874524,False,0.007532612747550675,18,0.9672038911891759,True,0
7306400,39070,0.41277693294512474,-0.03660939066088165,False,220,0.5606747939809643,0,0.7600503446173721,0.031109242855909054,0.098853398537338,0.20860329710540804,0.004936233948625044,False,23,False,0.05485568322075339,20,31,0.1130481493623034,False,0.018828128477965615,155,0.5109276493111425,True,0
562133462,1319392304,-0.09471381317820893,0.057465149180724893,True,45,0.12839613528608723,0,0.8357184770204635,0.9879690836202899,0.024474023715555522,0.9077658087072731,0.7171681167506113,True,506,False,0.26432381604225313,13,91,0.6900413205857037,True,0.9233907731753733,27,0.39829885417464517,False,1
11746516,31290,0.9948568893118026,0.024222712076006157,True,105,0.9741444572693283,0,0.22340901533656393,0.08052915557357532,0.8375225642029518,0.8492289432486353,0.945135233645725,False,0,False,0.0390124978769372,20,236,0.12125478339337306,False,0.2113417159991225,0,0.10639640407741255,True,0
4954736,28775,0.04650688738717218,0.06998027739234064,True,100,1.0893710271429717,0,0.7607685940678091,0.9306078502921116,-0.1110414034530392,0.20658741724715107,0.784305093335472,True,69,True,-0.00017723664974042303,10,208,0.734803006602207,True,0.4197057990837644,68,0.032337235221017675,False,1
-48548948,1218637936,0.046482596599458206,0.4902470673483679,True,252,0.02002261937543548,0,0.005169890305328398,0.3812632060988491,0.021091692601509747,0.484474830233936,0.7873533798759644,True,242,True,0.32897723389795663,14,2,0.02071285930078933,False,1.0336766881527306,179,0.06625074338209243,False,1
3449481,10964,0.06947006514559728,0.05448884293321968,True,56,-0.36029723222441823,0,0.008069889409939277,0.23853269461279253,0.0049575725585176275,0.49007689213547123,0.743210905167262,True,38,False,0.2486171553047515,0,108,0.13965575793719917,False,0.9013201256601543,42,0.029212190495477325,False,1
1452875971,414888510,0.4841463428418875,0.0730221466666628,True,92,1.0396907514322318,0,0.8148068697610444,0.3635933574785685,0.5494758396846521,0.9915826920846242,0.4182241980585353,True,1,False,0.24935736358833166,2,19,0.12180054621456135,True,0.7920313691776955,66,0.06473601925204103,False,1
65930,-5447,0.22962988520269814,0.07688094817206073,True,252,0.5548745840463756,0,0.004857448497633102,0.47099896404253455,0.6441816903814919,0.5656476351956481,0.005116176727589496,False,0,True,0.16114125065759974,14,146,0.5270800348771563,False,0.009509260520134719,0,0.9618607073545931,True,0
4760701,673408,0.10144160463295601,0.3853727314431656,True,101,0.23642671524886727,0,0.028817579146759344,0.019504031335780794,0.053889859860091614,0.8419967740974079,0.7526112824202651,True,238,False,0.24933279089120255,5,253,0.49130408330213593,False,0.23382945531934757,508,0.032855904370914395,False,1
1226540,146194,0.0677350769995728,0.16813327178664533,False,13,1.000923305594574,0,0.15509828583703691,0.9996340106366282,0.008731024887041474,0.4877092041509815,0.6881011678189448,True,83,True,0.24957309781335263,1,89,0.2213851483112682,True,0.25923639150476535,464,0.27479677027411553,False,1
61306,39191,0.24255119901141786,0.044813607956905185,False,-1,1.121473695575216,0,0.8075956239732989,0.4790601027072586,0.21525900775784063,0.9913472783812617,0.45951461036271685,False,5,False,0.039330432210151804,21,51,0.2601674909164473,True,0.009380646640690162,0,0.9911538298429873,True,0
257566184,5036300,0.05851459482797611,0.07703604875331894,True,113,-0.11123398727826384,0,0.24287911654216526,0.9840681522017636,-0.05268591923149263,0.4773559062764391,0.7785386591609054,True,56,False,0.25192569188195235,2,245,0.44509745235565873,True,0.2813371979310676,48,0.030992982493673694,False,1
790280663,13897,0.994648054769257,0.05227698857200562,False,251,0.7088451721016852,0,0.7874000235706652,0.5124168406810451,0.11036586103770199,0.8477286980418135,0.004630784216113619,False,0,False,0.05799282701122895,17,13,0.11206326934062286,False,0.021850727873495575,0,0.03516953475907497,True,0
749286810,33393,0.33343002272080263,0.055097592830830856,True,88,0.04716460480247031,0,0.8199820074795252,0.42410231084209743,0.7097564510552496,0.13601531488864604,0.721547481358588,False,283,True,0.245013619597974,19,151,0.2807890297091784,False,0.00999783842984678,0,0.48914888784862753,True,0
1676502,10023,0.4491180650932499,0.03843826965428612,False,230,0.4245807999638005,0,0.6692064938594399,0.08551394007293928,0.5502808735172937,0.5746948418004214,0.005068858061857571,False,4,True,0.07121998937095755,20,231,0.24876161534913627,True,0.2828433115504258,280,0.05929948701045506,True,0
854376924,5550585,0.08184145551307859,0.060277442165194185,True,164,0.004457064587354065,0,0.03275973875641069,0.08485391593015057,0.23188865637091816,0.8306450617508868,0.7074662534747642,True,76,True,0.24831923562345126,2,232,0.5165684064103994,True,0.0033263412645519663,515,0.013544183119405067,True,1
11265237,1696150,0.4282468410493697,0.9810659697849183,False,252,0.14995052013677024,0,0.6563856590735813,0.356144902608315,0.11798577136233682,0.844326985233047,0.5343150646296408,False,6,True,0.02998888289604386,21,27,0.9894464358883361,False,0.009619260135918762,102,0.6507964519470335,True,0
-4438940,42766,0.24179732780760163,0.03987333355241631,False,78,0.20524236723546224,0,1.0152114418117568,0.06827182401656669,0.6111403290687734,0.4712144004846745,0.42004562904105663,True,506,False,0.14965204803435192,2,40,0.4860818853450587,True,0.9894348315200987,44,0.036587306024992446,False,1
1650709,34552,0.458392849341483,0.5133764825187647,True,215,0.0300800371103771,0,1.1513804986111575,0.43671985230440835,0.050609455189935704,0.19622516196701684,0.004659173124133262,False,1,True,0.08394631911678187,20,34,0.04952863278740691,False,0.01098659591743806,21,0.34669511344037107,True,0
52787,28639,0.9947449884055026,0.29098329374230386,True,255,-0.08956773432608822,0,0.8658054830469414,0.06243954390193991,0.12028227283800902,0.28717092660195037,0.38587266366898815,False,33,False,0.018888788665994798,20,254,0.11569123618437682,False,0.010897465642995529,425,0.9315223948132465,True,0
1615611,23930,0.3148515975028084,0.04644060412799239,False,136,-0.00034042675022860625,0,0.8638419019422773,0.5128435351952298,-0.10447594666638799,0.9499839652670549,0.8393977092376775,False,0,False,0.08895936292466049,18,180,0.054887278292673675,False,0.22925858247598066,3,0.6229178219189682,True,0
24321943,19459,0.37535483964963134,0.3660345080480537,False,92,0.577192406737618,0,0.7858147351465932,-0.0007550698560087382,0.5426911320251186,0.8201941596398443,0.3603439161365674,False,45,True,-0.00010186271414316678,16,15,0.007594596141471323,False,0.9672791530474805,497,0.9689049921998698,True,0
88346198,1159430946,0.07811657351385959,0.07763132880622274,True,107,-0.3106916808126968,0,0.029220307800547195,0.020704027124905117,0.5705352676170659,0.4861463919180101,0.7597262468324839,True,456,False,0.1534564336911722,9,138,1.0038075782958582,True,0.4883609027462267,24,0.03090692437051474,False,1
276286894,3609,0.068179103627424,0.17206515413557066,False,-9,-0.08044971035444137,0,0.02708263421903505,1.001185884074987,0.06078741472832024,0.48825411033944244,0.38856802834710924,True,284,False,0.2525521463907646,0,138,1.001202546794012,False,0.2287910640534353,469,0.9500710764435537,False,1
24880030,28270,0.34275079766713573,0.23017598464435296,False,0,0.1084194871896228,0,0.8435769542441494,0.2682038380877738,0.10329564544921917,0.8476867888669745,0.004809370662479763,False,1,False,-0.016333138219261398,21,1,0.42359278405417156,False,0.0062965976199043875,267,0.6223982075644966,True,0
4326656,1975206,0.05486929717221569,0.1595229181372944,False,252,0.49471025486582626,0,0.19609172577822054,0.9906418506959912,0.8667870927020591,0.5755982609979345,0.7799178751179728,True,514,False,0.13271954335901118,5,240,0.5092254898521955,True,0.25806864982122085,509,0.0482906325615614,False,1
683653536,3765,0.0682787218694477,0.16449151395262357,False,222,-0.08552953046599154,0,0.8033546454791739,0.32898986591827256,0.5652031466837981,0.5699033527498983,0.7682925753230777,True,0,False,0.03297786727478447,2,91,0.7332265653428686,True,0.49926274444482116,487,0.014065807618310678,False,1
4149931,3314,0.08346877425233037,-0.025322324804094243,False,37,0.8959243416667808,0,0.840844021899621,0.9853859078349,0.00478463860136104,0.9912744805140158,0.752060390790286,True,269,False,0.2501365738839205,1,239,0.22858764232500806,True,0.0025912360537926906,51,0.03451707871242636,False,1
4536612,11185,0.30180462734099456,0.9773756765309466,False,122,-0.12729609436164357,0,0.16135481230553128,0.9878685827362678,0.44455157937848055,0.5215181904001626,0.8298668321951848,True,130,False,0.9964086598897399,8,47,0.9748408495719824,True,0.005067106622616502,273,1.0009786371773126,False,1
53661,702886,0.42861660128344414,0.04245503131926108,True,252,-0.3673681921932166,0,0.8378913972941904,0.5303864287632927,0.08165065534029675,0.9909202249616317,0.7011581097856612,False,6,True,0.08090347933363326,21,8,0.15996182768359352,False,0.011450413755508083,25,0.04598745029011261,True,0
